origin,destination,carrier,planned_lead_time,current_transit_days,port_congestion_index,is_delayed,delay_days
Penang,Chicago,DHL,23,35,0.930480819579867,1,12
Shenzhen,LA,FedEx,33,38,0.6263010947738659,1,5
Penang,Chicago,FedEx,34,42,0.08395570307090161,1,8
Penang,LA,Maersk,27,41,0.8849936133950259,1,14
Shenzhen,Chicago,FedEx,34,8,0.26887484934151484,0,0
Shenzhen,Chicago,FedEx,14,6,0.24376949308272744,0,0
Penang,LA,DHL,38,16,0.2970909687803208,0,0
Taipei,Chicago,FedEx,17,39,0.5772022361259574,1,22
Penang,Rotterdam,DHL,16,10,0.5446880934339766,0,0
Penang,LA,FedEx,32,12,0.4914137546228817,0,0
Penang,Rotterdam,FedEx,13,25,0.717536863512627,1,12
Penang,LA,FedEx,27,39,0.316537731334959,1,12
Shenzhen,Chicago,Maersk,14,19,0.7820645215724311,1,5
Penang,Chicago,DHL,25,11,0.17532167837859913,0,0
Taipei,Chicago,Maersk,23,19,0.7826207890770093,0,0
Shenzhen,LA,FedEx,36,10,0.6638101052502828,0,0
Taipei,Rotterdam,Maersk,36,21,0.6832083095475865,0,0
Taipei,Rotterdam,DHL,28,8,0.48155339712726,0,0
Taipei,LA,FedEx,23,26,0.6670015326808647,1,3
Taipei,LA,Maersk,18,36,0.07979704655945741,1,18
Shenzhen,Rotterdam,Maersk,15,26,0.8515511170493673,1,11
Shenzhen,Rotterdam,DHL,26,31,0.05554723348764601,1,5
Taipei,Rotterdam,Maersk,28,19,0.14874150987149748,0,0
Taipei,Rotterdam,DHL,21,26,0.5767897084972363,1,5
Shenzhen,LA,FedEx,13,32,0.7394114554566915,1,19
Shenzhen,LA,FedEx,25,42,0.07625156434625346,1,17
Shenzhen,Chicago,Maersk,34,13,0.9207648141223198,0,0
Penang,Rotterdam,FedEx,20,38,0.9736076488006986,1,18
Penang,Chicago,FedEx,31,40,0.605950173007711,1,9
Penang,LA,Maersk,13,13,0.48124345537683655,0,0
Taipei,LA,FedEx,26,19,0.7413949722797497,0,0
Penang,Chicago,Maersk,17,24,0.3283573523272054,1,7
Taipei,Rotterdam,DHL,23,12,0.49326443410510645,0,0
Taipei,Rotterdam,DHL,36,32,0.9161510268144013,0,0
Penang,Rotterdam,DHL,11,23,0.9556554252415336,1,12
Taipei,Rotterdam,Maersk,20,20,0.927069116051185,0,0
Penang,Chicago,Maersk,20,15,0.26244806696384015,0,0
Penang,Chicago,FedEx,33,12,0.2324690402167634,0,0
Shenzhen,LA,FedEx,31,37,0.29766450592931426,1,6
Penang,Rotterdam,FedEx,33,14,0.4413111123884602,0,0
Shenzhen,Rotterdam,FedEx,15,22,0.3141674127919636,1,7
Penang,Rotterdam,FedEx,30,39,0.37421279573905797,1,9
Penang,Chicago,Maersk,30,7,0.6206369521207595,0,0
Shenzhen,Rotterdam,Maersk,23,44,0.7625256770939759,1,21
Shenzhen,Chicago,DHL,39,31,0.735558198267917,0,0
Penang,Rotterdam,DHL,19,32,0.814423567079152,1,13
Taipei,Rotterdam,DHL,35,10,0.03218440321540217,0,0
Shenzhen,LA,DHL,36,18,0.04773378967875608,0,0
Taipei,Rotterdam,Maersk,17,11,0.7893829606886293,0,0
Taipei,Rotterdam,Maersk,16,14,0.5330788223246319,0,0
Taipei,LA,Maersk,17,19,0.5781406737621203,1,2
Shenzhen,Chicago,FedEx,37,35,0.052586860214377085,0,0
Taipei,Chicago,FedEx,17,33,0.2553138011712709,1,16
Shenzhen,Rotterdam,DHL,32,21,0.6383543048854777,0,0
Taipei,Chicago,FedEx,11,33,0.8591818901106761,1,22
Penang,Rotterdam,Maersk,36,19,0.9169833971814025,0,0
Penang,LA,DHL,25,30,0.5004194958350817,1,5
Shenzhen,LA,DHL,18,16,0.5454742327381976,0,0
Penang,Rotterdam,FedEx,22,29,0.8330496310689909,1,7
Penang,LA,DHL,32,9,0.5376246007473546,0,0
Taipei,LA,FedEx,21,8,0.5168585255373174,0,0
Shenzhen,Rotterdam,FedEx,36,35,0.9050840377609537,0,0
Taipei,Rotterdam,DHL,31,7,0.7899327210558801,0,0
Taipei,LA,FedEx,34,7,0.9090725263612945,0,0
Taipei,Chicago,FedEx,38,30,0.2182470547811538,0,0
Taipei,Chicago,FedEx,26,21,0.5243754866553567,0,0
Taipei,Rotterdam,FedEx,36,14,0.842472128593358,0,0
Taipei,Rotterdam,DHL,11,6,0.11114782746710894,0,0
Taipei,Chicago,Maersk,22,28,0.7946621542939618,1,6
Shenzhen,LA,Maersk,10,15,0.18297338341486946,1,5
Penang,Chicago,FedEx,35,28,0.8081187549853212,0,0
Taipei,Chicago,FedEx,37,39,0.6120009375568681,1,2
Taipei,Chicago,FedEx,28,27,0.19323599148486714,0,0
Taipei,Chicago,Maersk,20,36,0.4733541793328011,1,16
Taipei,Rotterdam,FedEx,14,27,0.6819051664607716,1,13
Taipei,Rotterdam,DHL,10,38,0.6338529008835424,1,28
Taipei,LA,DHL,29,23,0.4272471962317044,0,0
Penang,LA,DHL,39,6,0.8993665289209269,0,0
Penang,LA,Maersk,22,6,0.5192634144878443,0,0
Taipei,LA,FedEx,17,19,0.5058672985286884,1,2
Penang,Chicago,FedEx,15,25,0.06225058994145427,1,10
Shenzhen,Rotterdam,FedEx,38,39,0.9221203897976371,1,1
Taipei,Rotterdam,Maersk,26,9,0.177116568678373,0,0
Shenzhen,LA,Maersk,21,31,0.5283446934365542,1,10
Shenzhen,LA,Maersk,10,28,0.8035676014003101,1,18
Taipei,Chicago,Maersk,12,11,0.2154532769556433,0,0
Penang,Chicago,DHL,23,10,0.5273732899708411,0,0
Shenzhen,LA,Maersk,35,37,0.24068490922334085,1,2
Taipei,Rotterdam,Maersk,17,21,0.7596949977999118,1,4
Shenzhen,Rotterdam,Maersk,20,34,0.5643411678731507,1,14
Shenzhen,Rotterdam,FedEx,36,12,0.8559758603951435,0,0
Shenzhen,LA,FedEx,23,44,0.8945580028773829,1,21
Shenzhen,Rotterdam,FedEx,17,11,0.6487334824453981,0,0
Penang,Chicago,DHL,38,10,0.7253912461589445,0,0
Shenzhen,Chicago,DHL,12,8,0.5492200998868637,0,0
Shenzhen,LA,Maersk,16,5,0.3844287330673829,0,0
Shenzhen,Chicago,FedEx,37,19,0.6481179230208346,0,0
Penang,LA,DHL,28,35,0.9082886234873289,1,7
Shenzhen,Rotterdam,FedEx,13,29,0.41668038043143796,1,16
Shenzhen,Rotterdam,DHL,34,37,0.31441002637379534,1,3
Penang,Rotterdam,DHL,25,39,0.3884369385525741,1,14
Penang,Chicago,Maersk,22,9,0.4353976302115996,0,0
Penang,LA,Maersk,29,9,0.07356102897771621,0,0
Shenzhen,Rotterdam,DHL,28,40,0.4984418404349944,1,12
Penang,LA,Maersk,14,21,0.49431424805005963,1,7
Penang,Rotterdam,DHL,32,18,0.5884438276405232,0,0
Shenzhen,Chicago,DHL,14,33,0.3628200304713315,1,19
Penang,Chicago,FedEx,29,12,0.6131075959555897,0,0
Shenzhen,LA,Maersk,33,38,0.878216310274203,1,5
Taipei,Chicago,Maersk,13,44,0.9554709904951643,1,31
Penang,Chicago,Maersk,11,5,0.5836122161410496,0,0
Taipei,LA,FedEx,35,33,0.042590953970313095,0,0
Shenzhen,Rotterdam,FedEx,22,40,0.969235997267109,1,18
Penang,Chicago,FedEx,39,41,0.7058620608962562,1,2
Shenzhen,LA,Maersk,25,33,0.33596364855365213,1,8
Taipei,Chicago,Maersk,31,9,0.14715770096372338,0,0
Shenzhen,Chicago,Maersk,11,36,0.14341861223627494,1,25
Penang,Chicago,FedEx,28,28,0.16774440613960273,0,0
Penang,Chicago,FedEx,26,23,0.045572521613820305,0,0
Taipei,LA,DHL,14,16,0.9021541886529115,1,2
Shenzhen,LA,FedEx,34,5,0.5407682328273363,0,0
Penang,LA,DHL,27,11,0.6999594127138372,0,0
Taipei,Chicago,Maersk,37,21,0.8281085092683075,0,0
Penang,Chicago,FedEx,32,38,0.7915410063332002,1,6
Penang,Chicago,Maersk,30,11,0.8826056237288415,0,0
Shenzhen,LA,Maersk,27,21,0.9672546225249519,0,0
Penang,Chicago,Maersk,17,7,0.43907061474193954,0,0
Shenzhen,Rotterdam,Maersk,36,33,0.9503354666683905,0,0
Penang,Chicago,FedEx,24,26,0.7232899483428163,1,2
Taipei,Rotterdam,Maersk,22,42,0.07066819030807847,1,20
Penang,Chicago,DHL,22,33,0.6817831212123454,1,11
Shenzhen,LA,FedEx,25,9,0.6867166596048486,0,0
Shenzhen,Chicago,Maersk,31,34,0.9058605637925271,1,3
Taipei,Rotterdam,FedEx,29,27,0.37293213247009205,0,0
Penang,Rotterdam,DHL,22,25,0.5849115002718178,1,3
Penang,Chicago,Maersk,29,30,0.012187551011742515,1,1
Taipei,Rotterdam,DHL,11,25,0.332075242181336,1,14
Penang,Rotterdam,Maersk,12,24,0.06224372615878093,1,12
Penang,LA,DHL,24,27,0.521872972764897,1,3
Shenzhen,Chicago,Maersk,32,8,0.8174476505069532,0,0
Penang,Chicago,FedEx,28,25,0.20644269212906896,0,0
Penang,Chicago,Maersk,22,25,0.5274410455577785,1,3
Taipei,Rotterdam,FedEx,14,5,0.20400863651076706,0,0
Taipei,Chicago,Maersk,35,19,0.12068846784624043,0,0
Shenzhen,Chicago,Maersk,31,21,0.5109967919343424,0,0
Penang,LA,DHL,15,18,0.07914862094972763,1,3
Penang,LA,DHL,23,23,0.5873546311379894,0,0
Penang,LA,DHL,13,38,0.03133746067672627,1,25
Shenzhen,Rotterdam,Maersk,31,10,0.10671497186837553,0,0
Shenzhen,Chicago,Maersk,28,10,0.5499974854873578,0,0
Taipei,LA,Maersk,32,9,0.5914074128989139,0,0
Shenzhen,LA,FedEx,16,11,0.02898693009375808,0,0
Penang,LA,FedEx,13,37,0.5733767880015584,1,24
Penang,Chicago,Maersk,11,17,0.838502525323637,1,6
Shenzhen,Chicago,DHL,36,5,0.7223161772939539,0,0
Penang,Chicago,DHL,16,17,0.13118510392079863,1,1
Penang,Rotterdam,DHL,12,31,0.5924746475636149,1,19
Shenzhen,Rotterdam,Maersk,24,11,0.6722525000742134,0,0
Shenzhen,LA,DHL,10,7,0.037231201752291776,0,0
Penang,Chicago,Maersk,11,29,0.8553476686836227,1,18
Penang,LA,FedEx,19,37,0.9062673972898302,1,18
Penang,Chicago,DHL,25,44,0.8504522733622586,1,19
Taipei,Chicago,FedEx,34,21,0.8246314679891132,0,0
Taipei,Chicago,DHL,37,18,0.7449651984608933,0,0
Taipei,Rotterdam,Maersk,24,41,0.6334320312819601,1,17
Shenzhen,Rotterdam,Maersk,33,27,0.6786270049882519,0,0
Taipei,Chicago,Maersk,24,28,0.806395293334983,1,4
Shenzhen,LA,Maersk,23,33,0.6624984583613046,1,10
Shenzhen,Chicago,DHL,31,42,0.32772695668207097,1,11
Taipei,Chicago,FedEx,23,31,0.3759611021613539,1,8
Taipei,LA,Maersk,15,42,0.8970574683722922,1,27
Taipei,Chicago,DHL,23,44,0.0171220857971619,1,21
Penang,LA,FedEx,26,27,0.698820581244282,1,1
Taipei,Rotterdam,Maersk,27,35,0.9547775524252154,1,8
Penang,Rotterdam,FedEx,29,40,0.7062281699579737,1,11
Shenzhen,LA,Maersk,28,21,0.9939119882317821,0,0
Penang,Rotterdam,FedEx,39,41,0.6875449055283308,1,2
Taipei,Rotterdam,FedEx,26,7,0.034363029216861074,0,0
Shenzhen,LA,Maersk,25,40,0.8270098816469236,1,15
Shenzhen,Rotterdam,DHL,17,9,0.2846299119393191,0,0
Shenzhen,Chicago,FedEx,16,19,0.44605722566444095,1,3
Penang,Chicago,Maersk,29,10,0.3120919159070821,0,0
Taipei,LA,FedEx,37,14,0.26855410620967946,0,0
Shenzhen,Rotterdam,FedEx,21,36,0.43140570366978537,1,15
Shenzhen,Chicago,DHL,18,27,0.37875144844067377,1,9
Shenzhen,Chicago,FedEx,36,21,0.6333385818425894,0,0
Penang,Rotterdam,FedEx,23,24,0.8131512009875106,1,1
Penang,Rotterdam,Maersk,29,19,0.29708865318724076,0,0
Taipei,Chicago,Maersk,10,26,0.21372115282201742,1,16
Penang,Chicago,DHL,19,10,0.6668952708703423,0,0
Shenzhen,LA,FedEx,26,8,0.6703200658307816,0,0
Taipei,LA,FedEx,26,27,0.9011312392861718,1,1
Shenzhen,Chicago,FedEx,26,23,0.015945686453310848,0,0
Shenzhen,LA,DHL,13,35,0.85304066211651,1,22
Penang,Chicago,FedEx,26,7,0.5210021729483569,0,0
Taipei,Chicago,Maersk,27,32,0.6213020891720988,1,5
Penang,LA,DHL,29,7,0.09137144056141477,0,0
Penang,LA,Maersk,32,18,0.43261493287204567,0,0
Taipei,Rotterdam,Maersk,11,22,0.2273024072385238,1,11
Shenzhen,Rotterdam,DHL,17,31,0.2542250300825091,1,14
Shenzhen,Rotterdam,Maersk,22,14,0.5040951146760274,0,0
Taipei,Chicago,FedEx,32,19,0.8124559504031124,0,0
Shenzhen,LA,DHL,34,23,0.7437809301448561,0,0
Taipei,Chicago,Maersk,39,13,0.5909999590859538,0,0
Taipei,LA,FedEx,31,8,0.539418192753467,0,0
Penang,Chicago,FedEx,29,19,0.42730604323448995,0,0
Taipei,Rotterdam,Maersk,31,12,0.9727099735613863,0,0
Penang,Rotterdam,FedEx,24,5,0.5601925542342333,0,0
Shenzhen,Rotterdam,DHL,29,11,0.2539663983122221,0,0
Shenzhen,Chicago,Maersk,32,35,0.23009079204003957,1,3
Shenzhen,LA,FedEx,18,22,0.6113530307751418,1,4
Shenzhen,LA,FedEx,12,16,0.5228275273109287,1,4
Penang,Rotterdam,Maersk,12,34,0.007697802954712785,1,22
Shenzhen,Rotterdam,Maersk,11,37,0.8300653721957794,1,26
Taipei,Rotterdam,Maersk,10,11,0.7041223542324346,1,1
Taipei,Rotterdam,Maersk,23,32,0.6618292896781035,1,9
Taipei,LA,DHL,26,7,0.06878065769765895,0,0
Penang,Chicago,Maersk,22,10,0.3620558501724914,0,0
Shenzhen,Chicago,DHL,28,35,0.9353822607327862,1,7
Shenzhen,Chicago,DHL,39,42,0.8625892413413637,1,3
Shenzhen,Chicago,Maersk,32,19,0.28554293786953344,0,0
Penang,Rotterdam,DHL,24,11,0.1570588840991387,0,0
Taipei,Rotterdam,Maersk,36,34,0.4490879571685771,0,0
Taipei,Rotterdam,Maersk,34,31,0.3558303786676609,0,0
Shenzhen,Chicago,FedEx,23,21,0.6822263767059911,0,0
Taipei,Rotterdam,Maersk,11,22,0.9664348100843196,1,11
Taipei,Rotterdam,FedEx,16,26,0.36300144998256145,1,10
Penang,LA,DHL,26,30,0.062224172652242005,1,4
Penang,LA,FedEx,27,31,0.8976140083423853,1,4
Penang,Rotterdam,DHL,15,44,0.037949730239870805,1,29
Penang,LA,Maersk,36,28,0.952765897153333,0,0
Shenzhen,LA,DHL,30,12,0.6645794280090398,0,0
Penang,Rotterdam,DHL,17,25,0.9416892084419491,1,8
Taipei,Rotterdam,Maersk,37,33,0.19965968664897826,0,0
Shenzhen,Rotterdam,DHL,36,25,0.040699795253807625,0,0
Taipei,Rotterdam,Maersk,11,7,0.4882099782764918,0,0
Taipei,Chicago,FedEx,10,35,0.4506234145701252,1,25
Taipei,Chicago,Maersk,25,31,0.33149227325488284,1,6
Penang,Rotterdam,Maersk,16,31,0.9576564743886975,1,15
Penang,LA,DHL,31,13,0.8225837321614322,0,0
Shenzhen,Rotterdam,FedEx,33,37,0.6615820213755933,1,4
Shenzhen,Rotterdam,Maersk,20,37,0.16285829163782772,1,17
Penang,LA,FedEx,24,30,0.7343234082185247,1,6
Taipei,Chicago,FedEx,22,32,0.727012454699724,1,10
Shenzhen,Rotterdam,DHL,39,35,0.42506817361600746,0,0
Penang,Rotterdam,Maersk,33,5,0.9247859097140136,0,0
Penang,Chicago,DHL,11,24,0.16697788222901044,1,13
Penang,Chicago,Maersk,23,16,0.2673375624116643,0,0
Taipei,LA,FedEx,33,21,0.06322433925063364,0,0
Penang,Chicago,Maersk,15,19,0.7954509581775875,1,4
Penang,Chicago,Maersk,18,38,0.6217593860953973,1,20
Penang,Chicago,FedEx,37,20,0.31494030568124953,0,0
Penang,LA,FedEx,16,8,0.16381366359431537,0,0
Shenzhen,Chicago,Maersk,27,12,0.04014777002874037,0,0
Shenzhen,Chicago,DHL,33,38,0.1667455686259366,1,5
Penang,LA,Maersk,18,29,0.4532846463376582,1,11
Taipei,Chicago,FedEx,32,19,0.24717696901060615,0,0
Shenzhen,Chicago,DHL,13,32,0.2589821774319667,1,19
Penang,LA,FedEx,18,13,0.8755763666677143,0,0
Shenzhen,Rotterdam,FedEx,13,6,0.5151376734611006,0,0
Shenzhen,LA,DHL,21,21,0.7292519731284146,0,0
Taipei,Chicago,FedEx,13,14,0.03571094902814309,1,1
Penang,Chicago,FedEx,34,13,0.3651633556780287,0,0
Penang,Chicago,FedEx,39,35,0.4791693473954418,0,0
Taipei,LA,FedEx,33,6,0.1864168552101847,0,0
Taipei,Chicago,FedEx,29,28,0.12019154144553867,0,0
Penang,Chicago,FedEx,23,23,0.8703037784998425,0,0
Penang,LA,FedEx,33,21,0.9394316270997966,0,0
Taipei,Rotterdam,FedEx,33,14,0.07880669804540741,0,0
Shenzhen,Rotterdam,FedEx,16,32,0.3490187125424431,1,16
Shenzhen,Chicago,Maersk,35,42,0.9582856281444737,1,7
Taipei,LA,Maersk,22,32,0.08316173313246489,1,10
Shenzhen,Chicago,FedEx,31,5,0.6436413728787262,0,0
Taipei,LA,Maersk,17,7,0.9722213709670056,0,0
Shenzhen,LA,DHL,32,19,0.9782236685813746,0,0
Shenzhen,Rotterdam,Maersk,14,14,0.47122333090374324,0,0
Penang,Rotterdam,FedEx,21,25,0.1627491077823806,1,4
Penang,LA,FedEx,22,41,0.20208431497743884,1,19
Shenzhen,Chicago,Maersk,38,19,0.8896013951243946,0,0
Shenzhen,Rotterdam,FedEx,29,27,0.9116830043297359,0,0
Penang,Chicago,DHL,23,18,0.6078796438735548,0,0
Penang,Rotterdam,DHL,37,19,0.7661763994699113,0,0
Penang,Rotterdam,FedEx,27,14,0.7399312514704082,0,0
Taipei,Chicago,DHL,36,13,0.661821597989107,0,0
Shenzhen,Rotterdam,DHL,33,43,0.8272769548719391,1,10
Penang,Rotterdam,Maersk,34,9,0.6854066230403211,0,0
Shenzhen,Chicago,DHL,29,29,0.5340023057474993,0,0
Taipei,Rotterdam,Maersk,13,30,0.23695636258815678,1,17
Taipei,Rotterdam,FedEx,30,12,0.743888144118619,0,0
Penang,Rotterdam,Maersk,27,26,0.47343786783827446,0,0
Taipei,Chicago,FedEx,16,29,0.2947916840075093,1,13
Shenzhen,LA,FedEx,24,16,0.8019462757417753,0,0
Penang,Chicago,FedEx,30,13,0.6967136003530283,0,0
Shenzhen,LA,FedEx,15,14,0.9373395631247,0,0
Shenzhen,Rotterdam,FedEx,25,14,0.16544164001887773,0,0
Taipei,LA,Maersk,29,13,0.6491892846364932,0,0
Taipei,Chicago,FedEx,33,30,0.24423946808817598,0,0
Taipei,Chicago,DHL,17,39,0.9035829853016417,1,22
Taipei,Rotterdam,DHL,37,31,0.09949941425661568,0,0
Taipei,LA,FedEx,30,35,0.6561618064448772,1,5
Penang,Rotterdam,DHL,25,23,0.7910857215280299,0,0
Shenzhen,Rotterdam,Maersk,37,42,0.3549178403647072,1,5
Shenzhen,Chicago,Maersk,31,10,0.9541380793838092,0,0
Shenzhen,LA,FedEx,25,19,0.8507306845860373,0,0
Shenzhen,LA,FedEx,12,33,0.2946182996849034,1,21
Taipei,LA,FedEx,26,9,0.007541092715998676,0,0
Shenzhen,LA,DHL,18,18,0.29665717611806086,0,0
Penang,Rotterdam,DHL,34,6,0.28131047047074254,0,0
Penang,Rotterdam,Maersk,12,27,0.889964607500909,1,15
Shenzhen,Chicago,DHL,29,23,0.9671211782547475,0,0
Shenzhen,Rotterdam,Maersk,38,28,0.07043998597026035,0,0
Penang,Rotterdam,DHL,16,24,0.4712948285333167,1,8
Penang,Chicago,Maersk,27,31,0.5483319985297957,1,4
Taipei,Chicago,FedEx,21,28,0.0929116613297033,1,7
Penang,Chicago,DHL,28,21,0.37749770913752256,0,0
Taipei,Rotterdam,Maersk,25,29,0.3170824173929506,1,4
Taipei,Rotterdam,DHL,31,35,0.5360563543270873,1,4
Taipei,Chicago,FedEx,36,32,0.661190899731938,0,0
Taipei,Chicago,Maersk,33,32,0.7034851104965666,0,0
Taipei,Chicago,DHL,26,26,0.13675502361338754,0,0
Shenzhen,Rotterdam,DHL,29,9,0.8129477019446214,0,0
Penang,Rotterdam,FedEx,24,12,0.678542029790759,0,0
Taipei,LA,FedEx,10,42,0.8890749167467196,1,32
Penang,Rotterdam,Maersk,11,32,0.4493360594354341,1,21
Penang,Rotterdam,DHL,17,16,0.8938897627221916,0,0
Taipei,Rotterdam,DHL,31,29,0.8657741223560754,0,0
Shenzhen,Chicago,FedEx,34,42,0.4384093323592696,1,8
Taipei,Rotterdam,FedEx,11,19,0.3811433152929786,1,8
Shenzhen,Chicago,Maersk,28,38,0.9328120149702568,1,10
Penang,LA,DHL,18,17,0.7151647345384377,0,0
Shenzhen,LA,DHL,18,12,0.9282453464380757,0,0
Shenzhen,Chicago,Maersk,22,17,0.796974778895813,0,0
Shenzhen,Chicago,Maersk,15,40,0.6092974392914143,1,25
Penang,Chicago,FedEx,39,10,0.1158527770037645,0,0
Penang,Rotterdam,FedEx,24,42,0.2914806725790985,1,18
Shenzhen,LA,Maersk,28,36,0.9688424070983915,1,8
Shenzhen,Chicago,Maersk,30,25,0.31942209871420446,0,0
Taipei,Rotterdam,DHL,24,11,0.09325486978537079,0,0
Shenzhen,LA,Maersk,27,30,0.7075533559193198,1,3
Taipei,Rotterdam,Maersk,16,19,0.7340042545436842,1,3
Shenzhen,LA,DHL,35,27,0.2854577202871508,0,0
Taipei,Rotterdam,Maersk,20,42,0.29767197934630374,1,22
Penang,LA,FedEx,17,19,0.4688929855087839,1,2
Shenzhen,LA,FedEx,15,44,0.02178894976225554,1,29
Shenzhen,Rotterdam,DHL,17,20,0.7893230103611636,1,3
Shenzhen,Chicago,Maersk,11,36,0.3170887872741256,1,25
Shenzhen,LA,FedEx,28,41,0.8537631020019776,1,13
Taipei,Chicago,FedEx,25,22,0.8026304216000337,0,0
Shenzhen,Rotterdam,FedEx,16,24,0.6614020331187831,1,8
Penang,Chicago,FedEx,19,6,0.3248748670992887,0,0
Penang,Chicago,Maersk,21,27,0.51631656166117,1,6
Shenzhen,Chicago,Maersk,26,34,0.444829257597959,1,8
Penang,Chicago,Maersk,16,7,0.3388818862486742,0,0
Shenzhen,Chicago,Maersk,31,43,0.8481362893031782,1,12
Shenzhen,LA,FedEx,17,5,0.4835070745776653,0,0
Penang,LA,DHL,16,26,0.8327230977971465,1,10
Shenzhen,LA,DHL,13,33,0.10521847414182428,1,20
Penang,Rotterdam,FedEx,12,18,0.14102478860033574,1,6
Taipei,Chicago,FedEx,28,32,0.9773203051129767,1,4
Shenzhen,LA,DHL,24,25,0.5877684626060896,1,1
Taipei,Rotterdam,DHL,13,36,0.509769673499049,1,23
Penang,LA,FedEx,34,10,0.5231560631441117,0,0
Taipei,LA,FedEx,18,5,0.21526877403285982,0,0
Taipei,Chicago,Maersk,22,25,0.718703949501973,1,3
Penang,Rotterdam,Maersk,27,8,0.08478062372975437,0,0
Taipei,Chicago,DHL,30,7,0.5733237131030232,0,0
Taipei,Chicago,FedEx,25,34,0.5707687965859014,1,9
Penang,LA,DHL,10,35,0.914188424133511,1,25
Taipei,Chicago,Maersk,13,38,0.5261828101048603,1,25
Penang,Rotterdam,Maersk,27,23,0.13706269597417953,0,0
Taipei,Chicago,DHL,17,24,0.5727532592481626,1,7
Penang,Chicago,Maersk,29,27,0.09132764436533236,0,0
Penang,Chicago,FedEx,25,44,0.20379383529992168,1,19
Taipei,LA,DHL,30,29,0.031108584187416133,0,0
Taipei,Rotterdam,FedEx,20,19,0.5132935824594983,0,0
Taipei,LA,FedEx,29,42,0.08453261529357237,1,13
Shenzhen,LA,Maersk,30,27,0.46939437853132904,0,0
Shenzhen,LA,FedEx,30,6,0.9329450353241441,0,0
Shenzhen,LA,DHL,30,19,0.719761413019332,0,0
Penang,LA,FedEx,36,39,0.07741167422529305,1,3
Taipei,Rotterdam,FedEx,28,14,0.22420981220884317,0,0
Penang,Chicago,FedEx,32,18,0.6736624198934342,0,0
Shenzhen,LA,FedEx,28,31,0.8947018610241837,1,3
Taipei,LA,FedEx,27,18,0.03291858676395376,0,0
Penang,Rotterdam,Maersk,28,39,0.812451131720594,1,11
Taipei,Rotterdam,DHL,20,37,0.5618138803383087,1,17
Penang,Chicago,Maersk,12,5,0.5460913252963926,0,0
Taipei,Rotterdam,DHL,17,38,0.9578131827533579,1,21
Shenzhen,Chicago,DHL,29,23,0.7476446125967731,0,0
Shenzhen,LA,DHL,28,28,0.8501188680561119,0,0
Taipei,LA,DHL,19,8,0.3539955695446667,0,0
Penang,Chicago,DHL,25,40,0.5543640408284098,1,15
Shenzhen,Rotterdam,FedEx,14,17,0.6154056774277707,1,3
Shenzhen,Chicago,Maersk,29,36,0.32158394036246507,1,7
Shenzhen,Rotterdam,Maersk,18,13,0.5702481249473995,0,0
Taipei,LA,FedEx,17,43,0.23665537947971382,1,26
Taipei,Rotterdam,DHL,20,20,0.14337567106823956,0,0
Penang,Chicago,Maersk,25,7,0.37397025927733263,0,0
Penang,Chicago,FedEx,16,24,0.739289628746437,1,8
Penang,LA,FedEx,24,14,0.9161871480738876,0,0
Taipei,Rotterdam,Maersk,33,26,0.4577140514982325,0,0
Taipei,Rotterdam,Maersk,38,7,0.6428236882754317,0,0
Penang,Rotterdam,DHL,30,15,0.10303713097510048,0,0
Penang,LA,DHL,29,29,0.9044637585523287,0,0
Taipei,Rotterdam,Maersk,32,12,0.5686042135699344,0,0
Penang,Chicago,DHL,26,13,0.780338247625157,0,0
Shenzhen,Rotterdam,FedEx,15,19,0.7944412009213938,1,4
Taipei,LA,DHL,24,36,0.2564805263681059,1,12
Penang,Rotterdam,DHL,17,7,0.5291744531818495,0,0
Taipei,Rotterdam,FedEx,16,8,0.9604797515609774,0,0
Shenzhen,Chicago,DHL,11,34,0.08963454482082778,1,23
Taipei,Rotterdam,FedEx,39,17,0.6830498980295634,0,0
Taipei,Chicago,DHL,22,25,0.962264078035172,1,3
Taipei,Chicago,Maersk,39,23,0.30057710805402216,0,0
Taipei,LA,DHL,32,43,0.8614479214043481,1,11
Shenzhen,Chicago,Maersk,38,26,0.9336575454082716,0,0
Taipei,Chicago,Maersk,15,24,0.7470862093948251,1,9
Taipei,LA,Maersk,38,41,0.23132831230695827,1,3
Penang,Chicago,Maersk,14,35,0.3340007188265939,1,21
Taipei,LA,Maersk,29,14,0.03580929441773073,0,0
Penang,Rotterdam,FedEx,10,22,0.8314532342453552,1,12
Shenzhen,LA,FedEx,38,43,0.8496111865110799,1,5
Shenzhen,Chicago,FedEx,27,24,0.6327103099661927,0,0
Shenzhen,LA,Maersk,24,22,0.35252785126385133,0,0
Shenzhen,Chicago,DHL,32,15,0.07681102763992054,0,0
Penang,Rotterdam,FedEx,19,26,0.7530576099149094,1,7
Taipei,LA,DHL,12,22,0.7265261936099229,1,10
Shenzhen,Rotterdam,DHL,14,38,0.912602521738901,1,24
Taipei,Chicago,Maersk,33,27,0.7305320210053622,0,0
Penang,Chicago,Maersk,38,5,0.8286949422440019,0,0
Penang,Rotterdam,Maersk,22,14,0.7459546179039995,0,0
Penang,LA,FedEx,17,5,0.6306871883123164,0,0
Shenzhen,LA,Maersk,31,42,0.42696639419100924,1,11
Taipei,Chicago,FedEx,30,43,0.9021173086422778,1,13
Taipei,Rotterdam,FedEx,38,13,0.6509685719074698,0,0
Taipei,Rotterdam,FedEx,11,35,0.39835532196590906,1,24
Penang,LA,FedEx,18,11,0.08346929518195723,0,0
Shenzhen,LA,Maersk,26,21,0.2907048559043821,0,0
Penang,LA,FedEx,36,39,0.5437267348301648,1,3
Penang,Rotterdam,Maersk,27,41,0.27563537001619454,1,14
Taipei,LA,Maersk,22,22,0.22123534791790211,0,0
Penang,LA,FedEx,10,37,0.5273935140878472,1,27
Taipei,Chicago,Maersk,21,8,0.16982034589573458,0,0
Shenzhen,LA,DHL,29,27,0.8004100633251034,0,0
Taipei,LA,Maersk,29,15,0.484368151342658,0,0
Shenzhen,Rotterdam,Maersk,30,13,0.5738627739626502,0,0
Taipei,Rotterdam,FedEx,14,34,0.14738326759734854,1,20
Penang,Chicago,FedEx,17,12,0.3245763356293674,0,0
Penang,LA,Maersk,36,44,0.4100896832611529,1,8
Shenzhen,Chicago,FedEx,24,9,0.808212830516503,0,0
Shenzhen,Rotterdam,DHL,36,16,0.7701595230861525,0,0
Shenzhen,Chicago,DHL,12,5,0.22297747478768137,0,0
Taipei,Rotterdam,FedEx,15,19,0.6161790816070077,1,4
Taipei,Chicago,Maersk,37,29,0.2434563577719976,0,0
Shenzhen,Chicago,DHL,22,22,0.9882471556902453,0,0
Penang,LA,DHL,21,42,0.9521238781308706,1,21
Taipei,Chicago,Maersk,28,30,0.5632647205206205,1,2
Taipei,LA,FedEx,38,44,0.698902571894143,1,6
Taipei,LA,DHL,27,7,0.801430382208645,0,0
Shenzhen,LA,Maersk,33,26,0.7209984200449039,0,0
Shenzhen,LA,Maersk,10,30,0.6998286910824209,1,20
Shenzhen,Chicago,DHL,34,23,0.958554007949528,0,0
Shenzhen,Rotterdam,FedEx,36,43,0.5964561063072833,1,7
Shenzhen,Rotterdam,DHL,16,40,0.6363026718190556,1,24
Penang,Rotterdam,Maersk,21,25,0.8492687504381812,1,4
Penang,Chicago,DHL,19,30,0.6698908678584068,1,11
Shenzhen,LA,FedEx,38,17,0.7329326220175225,0,0
Taipei,Rotterdam,Maersk,21,40,0.23416868619664244,1,19
Shenzhen,Chicago,FedEx,20,28,0.3712669241150709,1,8
Penang,LA,DHL,13,30,0.14730134571189302,1,17
Penang,Rotterdam,DHL,28,25,0.5057654423348055,0,0
Taipei,LA,FedEx,15,22,0.4557274006802463,1,7
Penang,Rotterdam,DHL,34,19,0.9971628142794569,0,0
Shenzhen,Rotterdam,FedEx,18,19,0.6112086528155425,1,1
Taipei,Rotterdam,DHL,29,10,0.7864448231944233,0,0
Shenzhen,LA,FedEx,19,35,0.33401467075765423,1,16
Shenzhen,Chicago,FedEx,14,32,0.8315453313427965,1,18
Taipei,LA,Maersk,36,12,0.6150849664876834,0,0
Shenzhen,Rotterdam,Maersk,22,33,0.6969923315984384,1,11
Penang,LA,FedEx,18,25,0.2944307779494544,1,7
Shenzhen,Chicago,DHL,11,21,0.5486383916955772,1,10
Taipei,LA,DHL,27,28,0.6340369734136087,1,1
Taipei,Chicago,DHL,30,40,0.589094675816581,1,10
Taipei,Chicago,FedEx,10,35,0.9151937114245665,1,25
Shenzhen,LA,FedEx,33,38,0.8982726644925535,1,5
Taipei,Rotterdam,FedEx,30,6,0.9709840578768706,0,0
Taipei,Chicago,FedEx,21,7,0.6674280060069894,0,0
Shenzhen,LA,Maersk,19,34,0.9719141301256846,1,15
Penang,Chicago,FedEx,11,12,0.8324780000319089,1,1
Shenzhen,Rotterdam,DHL,37,11,0.2708321403399593,0,0
Taipei,LA,Maersk,18,16,0.4274356695512971,0,0
Taipei,LA,DHL,11,23,0.2383924421890098,1,12
Shenzhen,LA,FedEx,32,30,0.004197160830565205,0,0
Penang,Rotterdam,Maersk,33,32,0.1880487531469086,0,0
Taipei,Chicago,FedEx,39,19,0.004060586286875667,0,0
Taipei,LA,Maersk,31,18,0.71983846135049,0,0
Taipei,Chicago,DHL,23,18,0.42553429772119955,0,0
Shenzhen,Chicago,FedEx,20,7,0.31257472707785827,0,0
Taipei,Rotterdam,FedEx,32,33,0.7617208910951879,1,1
Penang,LA,Maersk,20,10,0.832486774619645,0,0
Taipei,Chicago,Maersk,26,27,0.97529953864988,1,1
Taipei,LA,FedEx,13,32,0.6420135846752412,1,19
Penang,LA,Maersk,22,18,0.4615289585400517,0,0
Taipei,Rotterdam,FedEx,16,18,0.3052643016074359,1,2
Shenzhen,LA,Maersk,25,24,0.2223182092142263,0,0
Shenzhen,LA,DHL,10,17,0.2129259504826012,1,7
Shenzhen,Chicago,Maersk,22,31,0.40918937471979877,1,9
Penang,Rotterdam,DHL,10,39,0.9917863552879298,1,29
Taipei,LA,Maersk,20,6,0.0008536974374032669,0,0
Shenzhen,Chicago,Maersk,15,44,0.1972058972310008,1,29
Penang,Rotterdam,FedEx,29,28,0.18839298240357383,0,0
Taipei,Rotterdam,Maersk,12,33,0.7171194855322923,1,21
Penang,Chicago,Maersk,21,7,0.3524847275980618,0,0
Shenzhen,Chicago,DHL,14,8,0.4572608045918206,0,0
Shenzhen,Chicago,Maersk,18,6,0.14862413046990497,0,0
Shenzhen,Chicago,FedEx,35,24,0.4049970388769477,0,0
Penang,Chicago,DHL,35,19,0.10319981190583605,0,0
Penang,LA,FedEx,21,36,0.5330432878885831,1,15
Shenzhen,LA,FedEx,39,5,0.09793836538285594,0,0
Penang,Rotterdam,FedEx,39,42,0.7905083811731562,1,3
Shenzhen,LA,FedEx,37,39,0.5666017175404895,1,2
Shenzhen,LA,DHL,36,11,0.7239678737735169,0,0
Taipei,LA,Maersk,19,17,0.41851638665268387,0,0
Penang,Chicago,FedEx,28,5,0.3814912932422273,0,0
Shenzhen,Rotterdam,DHL,14,18,0.0982088890488636,1,4
Shenzhen,Rotterdam,FedEx,35,33,0.5238556070428226,0,0
Penang,Rotterdam,Maersk,14,7,0.514502164857092,0,0
Taipei,Rotterdam,DHL,18,28,0.46810204444960535,1,10
Taipei,LA,DHL,36,5,0.7405183646824492,0,0
Shenzhen,LA,Maersk,37,14,0.8325044000323545,0,0
Penang,Chicago,DHL,35,17,0.7507896749485081,0,0
Taipei,Rotterdam,Maersk,36,40,0.14386574280684383,1,4
Penang,LA,DHL,29,13,0.6220595092821081,0,0
Penang,LA,DHL,26,18,0.08032310568953338,0,0
Shenzhen,Chicago,Maersk,19,40,0.6946222874404765,1,21
Taipei,Chicago,Maersk,30,14,0.3818390965611267,0,0
Shenzhen,Chicago,DHL,10,44,0.1324989562662866,1,34
Taipei,LA,DHL,31,27,0.8620508569761278,0,0
Taipei,LA,Maersk,37,39,0.6140083390389374,1,2
Taipei,Chicago,Maersk,25,11,0.3547249679475275,0,0
Taipei,Rotterdam,DHL,35,39,0.030727179650499536,1,4
Taipei,Chicago,DHL,35,6,0.5373102590036105,0,0
Penang,Chicago,DHL,24,19,0.9232258784862326,0,0
Shenzhen,Chicago,Maersk,32,13,0.5963798327023657,0,0
Penang,Chicago,DHL,26,21,0.9716506046194932,0,0
Taipei,LA,FedEx,35,43,0.13645111827045853,1,8
Shenzhen,Rotterdam,Maersk,29,22,0.5683051045948369,0,0
Taipei,Chicago,DHL,34,19,0.7981250480064295,0,0
Shenzhen,Rotterdam,Maersk,22,22,0.5255407311257162,0,0
Penang,Rotterdam,FedEx,10,28,0.09106635598747259,1,18
Shenzhen,Rotterdam,Maersk,34,27,0.5828860015472177,0,0
Shenzhen,Chicago,DHL,17,16,0.6117379058424717,0,0
Shenzhen,LA,FedEx,14,27,0.7287092484753526,1,13
Shenzhen,Chicago,FedEx,15,25,0.7612115151654739,1,10
Shenzhen,Rotterdam,DHL,32,30,0.7707726882106072,0,0
Taipei,Rotterdam,DHL,29,12,0.663444393638966,0,0
Shenzhen,LA,DHL,39,34,0.21581118641865815,0,0
Shenzhen,Chicago,Maersk,23,38,0.40423575583947935,1,15
Penang,Rotterdam,Maersk,31,6,0.7761299726143986,0,0
Shenzhen,LA,Maersk,32,9,0.9534269834008132,0,0
Penang,Rotterdam,DHL,20,35,0.078946964836622,1,15
Taipei,LA,DHL,15,37,0.5355366777971948,1,22
Shenzhen,LA,Maersk,20,8,0.31252227132430643,0,0
Penang,Chicago,FedEx,22,10,0.22539389431682977,0,0
Penang,Rotterdam,Maersk,21,27,0.505810683519715,1,6
Taipei,Chicago,FedEx,31,23,0.6060893405565367,0,0
Shenzhen,Rotterdam,DHL,11,12,0.009772231419481248,1,1
Shenzhen,Chicago,DHL,30,43,0.7802065722011909,1,13
Penang,Rotterdam,Maersk,12,17,0.8198821312594476,1,5
Shenzhen,Chicago,Maersk,32,5,0.965510824567933,0,0
Penang,LA,DHL,13,10,0.18064373322469496,0,0
Shenzhen,Rotterdam,Maersk,26,11,0.594552562360948,0,0
Penang,Rotterdam,DHL,37,31,0.4266253734763945,0,0
Shenzhen,LA,DHL,37,19,0.33482785155535066,0,0
Taipei,Chicago,FedEx,31,38,0.5656334514375047,1,7
Shenzhen,Rotterdam,Maersk,15,27,0.7823830932235503,1,12
Shenzhen,Rotterdam,DHL,16,28,0.023052783445210112,1,12
Taipei,Chicago,Maersk,24,19,0.9694001125661867,0,0
Shenzhen,LA,FedEx,20,39,0.8098815857057108,1,19
Taipei,Chicago,FedEx,33,8,0.7511537036455784,0,0
Shenzhen,Chicago,Maersk,12,41,0.7603873821805035,1,29
Penang,Chicago,Maersk,39,21,0.3890607096186526,0,0
Penang,Rotterdam,DHL,15,35,0.7516205508448137,1,20
Shenzhen,LA,FedEx,35,42,0.38677020860295763,1,7
Shenzhen,LA,FedEx,11,14,0.8987068295747931,1,3
Shenzhen,Chicago,FedEx,38,31,0.17722238330646967,0,0
Penang,Rotterdam,Maersk,23,10,0.2923474242151515,0,0
Shenzhen,Chicago,DHL,18,10,0.5513375426990761,0,0
Penang,Rotterdam,Maersk,27,19,0.3192110358872725,0,0
Taipei,Rotterdam,Maersk,28,8,0.4242372452952734,0,0
Penang,Rotterdam,Maersk,21,44,0.4924226893985947,1,23
Penang,Rotterdam,DHL,22,11,0.8563533488135087,0,0
Taipei,LA,Maersk,35,30,0.5231922536086928,0,0
Penang,Rotterdam,FedEx,21,35,0.3624598486145605,1,14
Shenzhen,Rotterdam,FedEx,21,6,0.24773616403511578,0,0
Shenzhen,Chicago,FedEx,27,32,0.4086759787921972,1,5
Penang,Chicago,DHL,18,17,0.5157361044143699,0,0
Shenzhen,LA,Maersk,26,22,0.7461148572032363,0,0
Penang,Chicago,DHL,30,34,0.12104877617233867,1,4
Shenzhen,Rotterdam,Maersk,25,15,0.22160918823915088,0,0
Shenzhen,Chicago,FedEx,26,17,0.3796540158686732,0,0
Penang,LA,Maersk,30,28,0.3603984051195146,0,0
Shenzhen,Chicago,Maersk,33,33,0.39174808760521174,0,0
Penang,Chicago,Maersk,17,9,0.7935212646403246,0,0
Shenzhen,LA,DHL,20,39,0.3241544029621731,1,19
Shenzhen,LA,Maersk,33,23,0.5018981804026647,0,0
Taipei,Rotterdam,Maersk,11,17,0.6239070328578965,1,6
Taipei,Chicago,Maersk,17,9,0.23217855018360511,0,0
Penang,Rotterdam,DHL,21,18,0.7186953871475389,0,0
Taipei,Chicago,DHL,30,42,0.547111319738281,1,12
Penang,Chicago,DHL,10,26,0.44678116303137805,1,16
Taipei,Rotterdam,Maersk,32,13,0.8097840267383138,0,0
Shenzhen,Chicago,FedEx,22,44,0.243495259185182,1,22
Penang,Chicago,FedEx,31,30,0.8831759706143232,0,0
Penang,Chicago,FedEx,30,9,0.5610487353667037,0,0
Shenzhen,LA,Maersk,26,33,0.6091748793796582,1,7
Penang,Rotterdam,FedEx,23,26,0.8750589641689428,1,3
Penang,LA,FedEx,23,7,0.817582687849336,0,0
Taipei,Rotterdam,FedEx,25,32,0.6015620688219003,1,7
Penang,Rotterdam,Maersk,26,42,0.7531877038481741,1,16
Shenzhen,Chicago,FedEx,15,18,0.43331949023289684,1,3
Taipei,Rotterdam,FedEx,35,18,0.5473777534997463,0,0
Taipei,LA,Maersk,37,15,0.06207013670851114,0,0
Shenzhen,LA,DHL,16,13,0.08985791800004683,0,0
Shenzhen,LA,FedEx,35,42,0.829425404186332,1,7
Taipei,Rotterdam,DHL,35,10,0.05967165568249666,0,0
Penang,LA,FedEx,10,5,0.16939912563260728,0,0
Taipei,Rotterdam,Maersk,34,29,0.7958326589504415,0,0
Shenzhen,LA,DHL,24,20,0.001145950628256287,0,0
Taipei,LA,DHL,29,19,0.2824043288458643,0,0
Shenzhen,Rotterdam,DHL,30,38,0.5840386578266218,1,8
Taipei,LA,DHL,27,21,0.5954499314692966,0,0
Penang,Chicago,FedEx,39,7,0.7771529082294736,0,0
Taipei,Rotterdam,FedEx,37,7,0.5059262544921704,0,0
Taipei,Rotterdam,DHL,35,41,0.5094018695309703,1,6
Shenzhen,Rotterdam,FedEx,22,21,0.7253105755407004,0,0
Shenzhen,Chicago,DHL,33,42,0.4986244632662835,1,9
Shenzhen,Rotterdam,DHL,39,5,0.6084910865636168,0,0
Taipei,LA,Maersk,11,11,0.897774068255051,0,0
Penang,LA,DHL,28,30,0.40145100761237196,1,2
Shenzhen,LA,FedEx,24,43,0.3851250709192222,1,19
Shenzhen,Rotterdam,DHL,21,23,0.0035489918647713115,1,2
Taipei,LA,Maersk,24,34,0.6134262615212319,1,10
Shenzhen,Rotterdam,FedEx,34,18,0.02977190740713198,0,0
Penang,LA,Maersk,27,17,0.5041484897283163,0,0
Penang,Chicago,Maersk,23,24,0.8042337890322266,1,1
Shenzhen,Chicago,DHL,15,30,0.5499210705196631,1,15
Shenzhen,Chicago,Maersk,21,31,0.269636165216676,1,10
Taipei,Chicago,Maersk,29,29,0.7861684214493713,0,0
Penang,Rotterdam,FedEx,32,13,0.26971700408253885,0,0
Penang,LA,Maersk,39,16,0.7330317809458987,0,0
Shenzhen,Chicago,DHL,39,14,0.6102584551902313,0,0
Taipei,Rotterdam,DHL,15,10,0.1699962967480012,0,0
Penang,Chicago,DHL,35,38,0.9051338748441857,1,3
Penang,Chicago,Maersk,39,23,0.2006436829571957,0,0
Taipei,Rotterdam,FedEx,18,10,0.9895870741406698,0,0
Taipei,Rotterdam,DHL,39,6,0.007310488654940772,0,0
Penang,LA,Maersk,34,19,0.26348337714290304,0,0
Penang,LA,DHL,35,21,0.19986029727419885,0,0
Taipei,Chicago,DHL,13,20,0.013993410170462628,1,7
Penang,Chicago,FedEx,26,32,0.7323679001473156,1,6
Shenzhen,LA,DHL,11,25,0.6934258020995963,1,14
Shenzhen,LA,FedEx,25,12,0.7923509643549305,0,0
Taipei,Rotterdam,Maersk,33,14,0.25669854646456525,0,0
Taipei,LA,DHL,23,14,0.44433516708296994,0,0
Taipei,LA,Maersk,35,14,0.6591135216215475,0,0
Shenzhen,Chicago,Maersk,17,13,0.4397685038881436,0,0
Penang,LA,Maersk,23,32,0.6973257703179158,1,9
Shenzhen,Chicago,DHL,11,28,0.6339734084404421,1,17
Penang,LA,FedEx,25,23,0.11464780302217648,0,0
Shenzhen,Rotterdam,DHL,13,37,0.781043121076968,1,24
Penang,LA,Maersk,10,8,0.7206763590925183,0,0
Shenzhen,LA,FedEx,32,7,0.6558343876174053,0,0
Taipei,LA,Maersk,29,16,0.15509360627100233,0,0
Shenzhen,Chicago,FedEx,36,22,0.26799644879536366,0,0
Penang,Rotterdam,DHL,23,27,0.3931770315876004,1,4
Shenzhen,LA,FedEx,17,24,0.2799296216564434,1,7
Shenzhen,Chicago,DHL,34,10,0.22781029067613146,0,0
Shenzhen,Rotterdam,Maersk,37,38,0.8053576701617757,1,1
Taipei,Chicago,FedEx,34,6,0.6382322463602024,0,0
Shenzhen,Chicago,Maersk,12,34,0.5654721315502503,1,22
Taipei,Rotterdam,FedEx,14,13,0.22595271085325386,0,0
Taipei,LA,DHL,15,31,0.9180765622686413,1,16
Shenzhen,Chicago,FedEx,31,38,0.19118303909731627,1,7
Shenzhen,Chicago,FedEx,35,44,0.7949509328246771,1,9
Shenzhen,LA,DHL,17,28,0.9666726667052931,1,11
Penang,LA,DHL,15,21,0.7270927292242361,1,6
Shenzhen,Rotterdam,DHL,15,33,0.9928587751846297,1,18
Taipei,Rotterdam,FedEx,13,40,0.6510511169779467,1,27
Shenzhen,Rotterdam,Maersk,16,16,0.217460343603895,0,0
Penang,LA,FedEx,39,35,0.2038194937165113,0,0
Shenzhen,Chicago,FedEx,39,13,0.32456428425547634,0,0
Penang,Chicago,Maersk,33,23,0.0071300202210060615,0,0
Penang,Rotterdam,DHL,28,21,0.6816984700828346,0,0
Shenzhen,LA,FedEx,16,6,0.2686677846278276,0,0
Taipei,Chicago,Maersk,12,44,0.8151832322927528,1,32
Penang,Rotterdam,DHL,17,9,0.35917265055930025,0,0
Shenzhen,Chicago,DHL,10,43,0.4799564934633127,1,33
Shenzhen,Chicago,FedEx,10,20,0.9656889165603693,1,10
Taipei,LA,DHL,23,21,0.2421721230472771,0,0
Penang,LA,DHL,15,31,0.7212540974297396,1,16
Penang,Chicago,Maersk,19,11,0.7551177893054172,0,0
Shenzhen,Rotterdam,Maersk,34,12,0.22099815752363516,0,0
Shenzhen,LA,DHL,37,12,0.5009968366121956,0,0
Taipei,Chicago,Maersk,23,27,0.35020192531296834,1,4
Taipei,LA,DHL,13,36,0.7719062434000892,1,23
Penang,LA,FedEx,15,22,0.6224833190290374,1,7
Penang,LA,Maersk,25,42,0.47598305486054704,1,17
Shenzhen,Chicago,DHL,37,16,0.7793632650477182,0,0
Penang,Rotterdam,DHL,30,19,0.23515557000841703,0,0
Taipei,Rotterdam,Maersk,37,32,0.7536218805843591,0,0
Taipei,Rotterdam,Maersk,10,42,0.8653743120928243,1,32
Shenzhen,LA,FedEx,15,35,0.8786215968075725,1,20
Taipei,Chicago,DHL,18,13,0.7836735930196038,0,0
Taipei,LA,FedEx,24,12,0.40801416699826876,0,0
Taipei,Rotterdam,FedEx,21,23,0.981808022717827,1,2
Taipei,Rotterdam,FedEx,12,12,0.3795936438224399,0,0
Shenzhen,Chicago,Maersk,20,38,0.6386253991024257,1,18
Shenzhen,LA,FedEx,24,8,0.16107417806946867,0,0
Penang,Rotterdam,Maersk,12,35,0.9804488986363927,1,23
Taipei,Chicago,Maersk,23,42,0.7039859218646632,1,19
Penang,LA,FedEx,11,7,0.7533775452463684,0,0
Shenzhen,LA,FedEx,38,39,0.06577670341114461,1,1
Shenzhen,Rotterdam,DHL,13,23,0.7634178142206718,1,10
Shenzhen,Rotterdam,FedEx,35,33,0.7747234292206013,0,0
Shenzhen,LA,DHL,28,14,0.6717727263622298,0,0
Shenzhen,LA,FedEx,21,16,0.29190961379034364,0,0
Shenzhen,Rotterdam,FedEx,11,34,0.4896900421608815,1,23
Shenzhen,LA,FedEx,26,34,0.11043437130871647,1,8
Taipei,Rotterdam,FedEx,12,22,0.4715870664591526,1,10
Penang,LA,DHL,19,28,0.24382385260040484,1,9
Shenzhen,Rotterdam,DHL,25,36,0.34909698649408205,1,11
Taipei,Chicago,FedEx,31,13,0.1626004084036986,0,0
Taipei,Rotterdam,FedEx,18,28,0.23005436774689703,1,10
Penang,Rotterdam,DHL,20,30,0.07656864182011625,1,10
Shenzhen,Chicago,Maersk,30,7,0.9199013664369213,0,0
Penang,LA,Maersk,24,27,0.5304106879754034,1,3
Shenzhen,Chicago,Maersk,12,15,0.3967419712627397,1,3
Taipei,Rotterdam,DHL,25,14,0.5350292127687839,0,0
Taipei,LA,DHL,39,40,0.6282932284815527,1,1
Taipei,Chicago,Maersk,30,17,0.9218787933693491,0,0
Taipei,LA,Maersk,30,33,0.17869295228631332,1,3
Penang,LA,FedEx,30,42,0.2955524986352176,1,12
Shenzhen,Chicago,DHL,37,17,0.9757893363441147,0,0
Shenzhen,LA,DHL,21,30,0.3711929866485244,1,9
Penang,Chicago,Maersk,32,24,0.022561650757327634,0,0
Shenzhen,Rotterdam,Maersk,14,9,0.1476434926371588,0,0
Taipei,LA,DHL,16,24,0.026338701748552018,1,8
Shenzhen,Rotterdam,FedEx,18,18,0.9899231424207284,0,0
Taipei,Rotterdam,Maersk,30,18,0.27887084899122305,0,0
Penang,LA,DHL,27,12,0.923542756936226,0,0
Shenzhen,Chicago,DHL,30,17,0.9958862757597158,0,0
Penang,LA,FedEx,17,28,0.5998412211431142,1,11
Shenzhen,Rotterdam,FedEx,21,19,0.033196315065561754,0,0
Taipei,Rotterdam,Maersk,29,5,0.08159163038692696,0,0
Penang,Chicago,Maersk,11,26,0.48158905510787775,1,15
Shenzhen,LA,Maersk,19,38,0.40617201291148597,1,19
Taipei,Rotterdam,DHL,28,44,0.6061773057817677,1,16
Penang,Rotterdam,Maersk,18,7,0.43884780971136395,0,0
Penang,Rotterdam,DHL,34,30,0.9340768492714844,0,0
Shenzhen,Chicago,Maersk,33,18,0.5347397154135111,0,0
Shenzhen,Rotterdam,FedEx,17,12,0.6937260614624422,0,0
Shenzhen,Rotterdam,FedEx,33,20,0.8964852726424966,0,0
Taipei,LA,DHL,33,25,0.14687187583320738,0,0
Shenzhen,LA,FedEx,33,14,0.22973465411852856,0,0
Penang,Rotterdam,DHL,10,29,0.10731866047401506,1,19
Penang,Rotterdam,DHL,15,42,0.13963839922991228,1,27
Shenzhen,LA,FedEx,21,26,0.5125839669342331,1,5
Shenzhen,Chicago,DHL,34,8,0.321179258967464,0,0
Penang,Chicago,FedEx,33,8,0.4231728395267549,0,0
Taipei,Chicago,Maersk,28,34,0.9824898317940618,1,6
Shenzhen,Chicago,Maersk,36,6,0.1567043477959481,0,0
Shenzhen,Chicago,FedEx,26,33,0.5408120707980756,1,7
Penang,Chicago,FedEx,11,40,0.09887115505365096,1,29
Shenzhen,Chicago,FedEx,20,25,0.3184963132638786,1,5
Taipei,Chicago,FedEx,27,25,0.5275259236745986,0,0
Penang,LA,Maersk,32,25,0.9466317459653377,0,0
Shenzhen,Chicago,DHL,37,8,0.391228221283483,0,0
Penang,Chicago,DHL,31,5,0.06490669621466982,0,0
Shenzhen,Chicago,Maersk,20,30,0.38816144796031693,1,10
Shenzhen,Rotterdam,DHL,27,6,0.14574117587397772,0,0
Shenzhen,LA,Maersk,17,13,0.2299896132914453,0,0
Taipei,LA,DHL,24,22,0.6180906231649904,0,0
Taipei,LA,FedEx,18,15,0.06742386620368168,0,0
Penang,Chicago,FedEx,24,29,0.46472375625003737,1,5
Shenzhen,Chicago,FedEx,16,30,0.6094615860107644,1,14
Shenzhen,Rotterdam,Maersk,29,40,0.4218583923674969,1,11
Taipei,LA,Maersk,22,39,0.01912635062373036,1,17
Shenzhen,Chicago,DHL,22,42,0.9855193569028654,1,20
Taipei,LA,DHL,10,7,0.3671157673405353,0,0
Shenzhen,Rotterdam,DHL,29,39,0.7785771869332669,1,10
Penang,Rotterdam,Maersk,13,44,0.32564649218745323,1,31
Shenzhen,Rotterdam,DHL,33,26,0.47501675699341883,0,0
Shenzhen,LA,FedEx,13,12,0.38846364261099653,0,0
Taipei,Chicago,DHL,13,19,0.3425392295096077,1,6
Shenzhen,Chicago,FedEx,22,11,0.021851377207778744,0,0
Shenzhen,Rotterdam,Maersk,11,23,0.3600209378545035,1,12
Taipei,Chicago,FedEx,37,44,0.88948999039953,1,7
Penang,Rotterdam,FedEx,35,21,0.6903933385936837,0,0
Penang,LA,FedEx,32,5,0.14542285909543984,0,0
Taipei,Rotterdam,Maersk,24,33,0.5911550046227392,1,9
Taipei,LA,Maersk,13,17,0.8922308599488715,1,4
Taipei,Rotterdam,Maersk,36,33,0.7000340409648554,0,0
Taipei,Chicago,Maersk,15,10,0.14868439235669673,0,0
Taipei,Chicago,DHL,12,9,0.8678324967344967,0,0
Penang,Rotterdam,Maersk,16,38,0.3015440132888654,1,22
Penang,Chicago,FedEx,15,15,0.4540761443123418,0,0
Taipei,Chicago,Maersk,12,13,0.5261427596891464,1,1
Shenzhen,Chicago,DHL,13,42,0.8505066043781953,1,29
Taipei,LA,DHL,19,44,0.9316074951476611,1,25
Shenzhen,Chicago,DHL,39,13,0.929652877790556,0,0
Taipei,LA,FedEx,30,12,0.00795418127854064,0,0
Taipei,Rotterdam,Maersk,18,44,0.9218884855854572,1,26
Penang,Chicago,Maersk,39,7,0.054386966001572334,0,0
Shenzhen,Chicago,Maersk,15,17,0.26577365681743537,1,2
Shenzhen,Chicago,FedEx,38,23,0.5149878547278329,0,0
Penang,Rotterdam,FedEx,29,38,0.47992568900439403,1,9
Penang,LA,DHL,36,36,0.604709793887392,0,0
Penang,LA,DHL,20,20,0.4794462287370058,0,0
Penang,Chicago,Maersk,16,40,0.9343756796404208,1,24
Shenzhen,Rotterdam,FedEx,27,22,0.240548848214587,0,0
Shenzhen,Rotterdam,FedEx,13,18,0.27402469403848584,1,5
Taipei,Rotterdam,Maersk,14,34,0.9207379356930562,1,20
Taipei,Rotterdam,Maersk,13,6,0.07673951374525623,0,0
Penang,Rotterdam,DHL,13,17,0.6095608219048099,1,4
Penang,LA,DHL,36,31,0.6817359520656108,0,0
Penang,LA,DHL,22,21,0.5055417234297395,0,0
Taipei,LA,Maersk,25,35,0.6942318788231372,1,10
Taipei,Chicago,Maersk,34,19,0.172754646011967,0,0
Taipei,Rotterdam,DHL,23,24,0.8526322327715399,1,1
Taipei,Chicago,DHL,20,9,0.14002568946988558,0,0
Taipei,Rotterdam,FedEx,38,11,0.4008124443157497,0,0
Taipei,LA,FedEx,11,22,0.0752576013082058,1,11
Taipei,Chicago,DHL,31,15,0.5452110788174002,0,0
Penang,LA,DHL,23,36,0.6697458074256392,1,13
Penang,Rotterdam,FedEx,33,31,0.9412216350952906,0,0
Penang,Rotterdam,DHL,33,30,0.7393361958960009,0,0
Penang,Rotterdam,FedEx,36,41,0.5411029164541511,1,5
Taipei,LA,FedEx,16,32,0.9326170171703337,1,16
Shenzhen,Rotterdam,FedEx,35,6,0.47843683804087656,0,0
Taipei,LA,Maersk,20,24,0.5612056530988694,1,4
Shenzhen,Chicago,Maersk,13,8,0.5960985276700957,0,0
Penang,Rotterdam,DHL,16,17,0.40997972588656684,1,1
Taipei,Rotterdam,FedEx,38,28,0.8384826905658241,0,0
Penang,Rotterdam,Maersk,25,42,0.18517593884505912,1,17
Taipei,Chicago,DHL,35,44,0.554842190371608,1,9
Penang,Rotterdam,DHL,15,33,0.722233256187194,1,18
Shenzhen,LA,DHL,36,40,0.9039761718765772,1,4
Shenzhen,LA,DHL,15,6,0.8839183964342784,0,0
Shenzhen,Rotterdam,DHL,11,22,0.5087402894301419,1,11
Taipei,Rotterdam,FedEx,33,12,0.6431614511633417,0,0
Shenzhen,Chicago,DHL,17,19,0.394237736129301,1,2
Taipei,Chicago,FedEx,39,21,0.4681777628802003,0,0
Shenzhen,Chicago,Maersk,36,27,0.9062657925730495,0,0
Shenzhen,Rotterdam,DHL,16,6,0.930703993192474,0,0
Taipei,Chicago,Maersk,36,10,0.8954140580670197,0,0
Taipei,Chicago,FedEx,34,33,0.13837086181363822,0,0
Shenzhen,LA,FedEx,33,31,0.8500840213306362,0,0
Taipei,Chicago,Maersk,23,41,0.9483637310214803,1,18
Shenzhen,LA,DHL,18,38,0.3612496945736047,1,20
Taipei,LA,DHL,24,22,0.5186462894216692,0,0
Penang,Chicago,Maersk,34,14,0.7790952558129959,0,0
Penang,LA,Maersk,31,42,0.5620781375656487,1,11
Penang,Rotterdam,Maersk,27,21,0.9934835217062494,0,0
Penang,Rotterdam,DHL,21,17,0.45571336515682836,0,0
Penang,Chicago,DHL,32,31,0.7139427112073776,0,0
Shenzhen,Rotterdam,DHL,28,6,0.7925911401965442,0,0
Penang,LA,Maersk,22,38,0.49410041575843944,1,16
Penang,Rotterdam,DHL,16,35,0.8569838057113758,1,19
Penang,Chicago,FedEx,34,27,0.5461545912071964,0,0
Penang,Chicago,Maersk,19,11,0.4116507968016314,0,0
Taipei,LA,DHL,39,42,0.10782367385194702,1,3
Shenzhen,Chicago,Maersk,19,37,0.3934135763504242,1,18
Penang,Rotterdam,FedEx,11,16,0.7339364547332842,1,5
Penang,Chicago,FedEx,23,16,0.9212864116801073,0,0
Penang,LA,Maersk,22,23,0.2516794038603103,1,1
Shenzhen,Chicago,Maersk,31,13,0.3552355173305026,0,0
Taipei,Rotterdam,FedEx,38,14,0.1539609941044262,0,0
Shenzhen,LA,Maersk,15,21,0.6907228942289688,1,6
Taipei,Rotterdam,FedEx,18,44,0.9601884300099253,1,26
Penang,LA,FedEx,22,43,0.6409522198481755,1,21
Penang,Chicago,DHL,18,14,0.6170765300062263,0,0
Shenzhen,LA,Maersk,22,16,0.5534899305004339,0,0
Shenzhen,LA,Maersk,14,19,0.08845574068553652,1,5
Taipei,Chicago,DHL,23,35,0.7295038264293836,1,12
Taipei,Rotterdam,FedEx,14,19,0.6020495435493508,1,5
Shenzhen,Chicago,Maersk,18,32,0.661476768856287,1,14
Taipei,LA,DHL,17,8,0.8988110930274216,0,0
Shenzhen,Chicago,DHL,16,40,0.7839607870610179,1,24
Taipei,LA,Maersk,17,5,0.7809152521545261,0,0
Shenzhen,Chicago,DHL,31,38,0.9271837688793476,1,7
Shenzhen,Chicago,FedEx,12,21,0.9899349514629996,1,9
Shenzhen,Rotterdam,DHL,32,43,0.5812827319610596,1,11
Taipei,LA,FedEx,33,42,0.10888161603116575,1,9
Taipei,Rotterdam,FedEx,24,37,0.4591299077754364,1,13
Taipei,LA,Maersk,17,25,0.7876011464616444,1,8
Shenzhen,Chicago,DHL,10,30,0.02772532476184919,1,20
Taipei,LA,FedEx,16,40,0.05688743835614907,1,24
Taipei,Rotterdam,FedEx,28,9,0.06715778238282133,0,0
Shenzhen,Rotterdam,DHL,11,37,0.7310357583283108,1,26
Penang,Rotterdam,FedEx,23,5,0.5011666285631721,0,0
Shenzhen,LA,DHL,27,10,0.3688979435205936,0,0
Taipei,Rotterdam,Maersk,39,41,0.10561704526173599,1,2
Shenzhen,Rotterdam,FedEx,24,6,0.7322402502058891,0,0
Penang,Rotterdam,FedEx,23,9,0.3210198105508997,0,0
Shenzhen,Chicago,DHL,33,30,0.2653240700646672,0,0
Taipei,Chicago,DHL,34,17,0.6523192015535509,0,0
Penang,LA,DHL,28,16,0.5590108925968418,0,0
Taipei,LA,DHL,39,9,0.3624106418133016,0,0
Penang,Rotterdam,FedEx,28,6,0.6414874708055881,0,0
Penang,Chicago,Maersk,31,8,0.2712215203841182,0,0
Shenzhen,Rotterdam,Maersk,36,31,0.7948302616043268,0,0
Shenzhen,Rotterdam,Maersk,35,14,0.22931895030765392,0,0
Taipei,Chicago,Maersk,26,17,0.15883769538201564,0,0
Shenzhen,Chicago,DHL,31,6,0.7824394094988749,0,0
Shenzhen,Chicago,FedEx,37,30,0.7078920306979332,0,0
Penang,LA,FedEx,28,19,0.18263897570179843,0,0
Shenzhen,LA,FedEx,36,14,0.11624575268993798,0,0
Penang,Rotterdam,DHL,25,26,0.8383990884866921,1,1
Penang,LA,FedEx,29,44,0.776598482196688,1,15
Penang,Chicago,DHL,34,29,0.32725737369966423,0,0
Taipei,Chicago,FedEx,28,19,0.6581974082133667,0,0
Taipei,LA,Maersk,10,17,0.1241601865478108,1,7
Taipei,Rotterdam,DHL,28,12,0.5070476590476781,0,0
Penang,Rotterdam,FedEx,16,25,0.018730292060419873,1,9
Taipei,LA,Maersk,38,25,0.39160188092155546,0,0
Taipei,Rotterdam,Maersk,32,26,0.07484282147140509,0,0
Shenzhen,Rotterdam,Maersk,20,37,0.4751471801568825,1,17
Taipei,Rotterdam,DHL,14,31,0.42168164685289433,1,17
Taipei,Chicago,DHL,39,44,0.444385026638056,1,5
Penang,Chicago,FedEx,26,26,0.04533130204799407,0,0
Penang,LA,Maersk,20,34,0.3616163412818324,1,14
Penang,Chicago,FedEx,33,13,0.7564838490999165,0,0
Penang,Rotterdam,FedEx,35,39,0.3689143733536201,1,4
Penang,Chicago,Maersk,17,22,0.7151719526095807,1,5
Penang,LA,FedEx,19,9,0.36947872363373324,0,0
Taipei,Chicago,DHL,21,31,0.42323944149018644,1,10
Penang,Rotterdam,FedEx,19,10,0.5638921128292661,0,0
Penang,Rotterdam,Maersk,22,36,0.9506819368070825,1,14
Shenzhen,LA,DHL,35,12,0.10886044664665517,0,0
Taipei,Chicago,DHL,27,43,0.03291376866117368,1,16
Taipei,Chicago,FedEx,19,25,0.6079571838100452,1,6
Taipei,Chicago,FedEx,28,22,0.9490970889284264,0,0
Penang,Rotterdam,DHL,29,18,0.9897231325547149,0,0
Penang,LA,FedEx,26,19,0.4841642473920018,0,0
Penang,Chicago,Maersk,29,30,0.46808162108509843,1,1
Shenzhen,Rotterdam,FedEx,25,36,0.6449637707451962,1,11
Penang,Rotterdam,FedEx,14,43,0.5556347572049698,1,29
Shenzhen,Rotterdam,DHL,12,32,0.6340880576141181,1,20
Taipei,Chicago,FedEx,39,43,0.8739994255378942,1,4
Penang,Chicago,FedEx,36,36,0.7463061694876093,0,0
Shenzhen,Chicago,FedEx,24,17,0.49687739168679557,0,0
Shenzhen,Chicago,Maersk,35,19,0.4618644590001696,0,0
Penang,Chicago,FedEx,11,22,0.639601748513116,1,11
Taipei,Chicago,Maersk,22,43,0.4557062844202975,1,21
Taipei,Chicago,Maersk,31,10,0.45777935126563984,0,0
Taipei,Chicago,Maersk,17,15,0.016305901786504817,0,0
Shenzhen,Chicago,Maersk,32,36,0.17406413740730842,1,4
Shenzhen,Rotterdam,DHL,36,44,0.48851363999575304,1,8
Shenzhen,Chicago,Maersk,39,24,0.8226534590503691,0,0
Shenzhen,LA,FedEx,26,37,0.27872700672712414,1,11
Taipei,Rotterdam,Maersk,13,44,0.522643433131149,1,31
Penang,Chicago,FedEx,28,12,0.3449620847592322,0,0
Shenzhen,LA,Maersk,31,39,0.10480398953958903,1,8
Shenzhen,Chicago,DHL,34,9,0.9582984830713006,0,0
Taipei,LA,Maersk,18,39,0.8546738702503017,1,21
Penang,LA,Maersk,32,18,0.07849242446690641,0,0
Penang,LA,DHL,24,25,0.7197872624682846,1,1
Taipei,LA,Maersk,37,28,0.3475799043575002,0,0
Taipei,Rotterdam,FedEx,18,21,0.9948498070617926,1,3
Penang,Rotterdam,Maersk,33,22,0.3023985198289777,0,0
Shenzhen,LA,Maersk,30,38,0.23873844536259992,1,8
Penang,Chicago,Maersk,18,16,0.5678905483054052,0,0
Taipei,LA,DHL,23,20,0.8351261633432041,0,0
Shenzhen,Rotterdam,Maersk,32,8,0.192518871819798,0,0
Shenzhen,Chicago,Maersk,30,29,0.7094027697193312,0,0
Taipei,Rotterdam,FedEx,25,38,0.061406583141121684,1,13
Taipei,Rotterdam,Maersk,33,32,0.9189347431104973,0,0
Taipei,Chicago,Maersk,32,15,0.08107491614729878,0,0
Penang,LA,Maersk,34,17,0.9142313763441625,0,0
Penang,LA,Maersk,35,35,0.4908072494527028,0,0
Shenzhen,LA,FedEx,26,29,0.44809111279591984,1,3
Taipei,LA,FedEx,22,43,0.9733070795003765,1,21
Shenzhen,Chicago,DHL,18,14,0.9903841776982191,0,0
Shenzhen,Chicago,Maersk,24,28,0.650178125961012,1,4
Shenzhen,Chicago,DHL,16,5,0.1271192918570485,0,0
Shenzhen,Rotterdam,DHL,10,29,0.5061700856552025,1,19
Taipei,Chicago,Maersk,10,32,0.5291631009556624,1,22
Shenzhen,LA,FedEx,14,40,0.5144464281353097,1,26
Taipei,Rotterdam,FedEx,33,22,0.5694918385200097,0,0
Taipei,LA,Maersk,18,10,0.01872471379439067,0,0
Penang,LA,Maersk,21,6,0.7112272814705024,0,0
Taipei,Chicago,FedEx,15,7,0.712394301952988,0,0
Penang,Chicago,Maersk,37,12,0.11546977517788792,0,0
Taipei,LA,Maersk,22,35,0.5702394424458007,1,13
Taipei,LA,Maersk,35,23,0.5683611824357746,0,0
Taipei,Rotterdam,FedEx,37,10,0.6824504201904001,0,0
Penang,Chicago,DHL,17,18,0.08539769213508108,1,1
Penang,Rotterdam,DHL,24,7,0.6265033072660964,0,0
Shenzhen,Rotterdam,Maersk,15,5,0.2807519507463412,0,0
Penang,Rotterdam,FedEx,36,34,0.5070029904961719,0,0
Penang,LA,Maersk,15,23,0.7733235527040767,1,8
Penang,Rotterdam,FedEx,13,23,0.7056459363630133,1,10
Penang,Rotterdam,Maersk,20,13,0.11890301767799338,0,0
Shenzhen,LA,FedEx,30,11,0.5911847871160733,0,0
Penang,Chicago,FedEx,39,41,0.9691165309407386,1,2
Taipei,Chicago,DHL,27,11,0.15676943733500226,0,0
Taipei,Rotterdam,Maersk,12,13,0.8529070877254149,1,1
Penang,LA,DHL,12,8,0.7025480805537769,0,0
Penang,Chicago,DHL,39,29,0.7740033129097597,0,0
Taipei,Rotterdam,FedEx,21,16,0.28195832714264546,0,0
Taipei,Rotterdam,Maersk,36,10,0.28788892937984245,0,0
Shenzhen,LA,FedEx,30,22,0.9060194557764881,0,0
Taipei,Rotterdam,FedEx,39,44,0.35983203209255865,1,5
Taipei,Chicago,FedEx,30,25,0.06301539069281048,0,0
Penang,LA,Maersk,15,19,0.60059670357945,1,4
Taipei,Chicago,Maersk,30,7,0.12481766904184266,0,0
Shenzhen,Chicago,FedEx,37,6,0.7965962414079082,0,0
Taipei,Chicago,Maersk,15,44,0.6417464425010574,1,29
Penang,Rotterdam,FedEx,17,8,0.8747265052212082,0,0
Penang,Rotterdam,Maersk,24,36,0.7848372497826352,1,12
Taipei,Chicago,Maersk,27,6,0.11211364833819615,0,0
Penang,Chicago,DHL,29,33,0.3810706764344223,1,4
Shenzhen,LA,FedEx,38,6,0.7745602499145873,0,0
Shenzhen,LA,DHL,25,38,0.41734147326632576,1,13
Taipei,Rotterdam,DHL,15,31,0.9723654847799783,1,16
Taipei,Rotterdam,FedEx,37,43,0.7357404498934492,1,6
Taipei,LA,FedEx,30,42,0.015499916690321025,1,12
Penang,Chicago,Maersk,26,22,0.8799856915608364,0,0
Shenzhen,Rotterdam,FedEx,18,40,0.1008047848685576,1,22
Shenzhen,Chicago,DHL,28,23,0.14052372418008585,0,0
Penang,LA,DHL,27,31,0.7344924006110509,1,4
Shenzhen,Rotterdam,FedEx,34,24,0.8649685594304802,0,0
Taipei,Rotterdam,DHL,32,25,0.536349627899556,0,0
Taipei,LA,Maersk,14,27,0.2890497329457792,1,13
Taipei,Rotterdam,DHL,37,34,0.35131554525317554,0,0
Shenzhen,LA,Maersk,15,29,0.342889329596056,1,14
Taipei,Rotterdam,DHL,21,35,0.32667810380951223,1,14
Penang,LA,Maersk,20,31,0.2429096718216498,1,11
Penang,Rotterdam,Maersk,25,38,0.608867094629233,1,13
Shenzhen,Chicago,FedEx,29,12,0.9004053185650672,0,0
Penang,Chicago,Maersk,26,23,0.30708241308334117,0,0
Penang,Chicago,FedEx,29,30,0.18669429746141208,1,1
Shenzhen,Rotterdam,DHL,18,32,0.8385776663714248,1,14
Taipei,Rotterdam,DHL,10,8,0.7417833308897033,0,0
Taipei,Chicago,DHL,35,35,0.9308370315599105,0,0
Taipei,Chicago,Maersk,12,20,0.16551973560490962,1,8
Shenzhen,LA,DHL,30,14,0.14425131411659153,0,0
Penang,LA,DHL,32,42,0.5414293943049967,1,10
Taipei,LA,FedEx,18,14,0.6144336548350953,0,0
Taipei,Chicago,FedEx,31,13,0.48017344185958954,0,0
Shenzhen,Chicago,DHL,28,43,0.5989666363238755,1,15
Taipei,Chicago,DHL,22,40,0.18037976887507134,1,18
Shenzhen,LA,Maersk,32,40,0.47961375416408336,1,8
Penang,Rotterdam,Maersk,23,23,0.6580925609396678,0,0
Shenzhen,Chicago,DHL,29,23,0.4327064492487037,0,0
Shenzhen,Rotterdam,FedEx,28,16,0.6794473358165979,0,0
Shenzhen,Rotterdam,DHL,39,17,0.4511912805538396,0,0
Shenzhen,Rotterdam,Maersk,32,29,0.33359958084227725,0,0
Penang,LA,FedEx,36,40,0.30360504708709235,1,4
Penang,Rotterdam,FedEx,36,29,0.410902058988588,0,0
Taipei,Chicago,Maersk,16,32,0.023089622682200828,1,16
Penang,LA,DHL,13,43,0.6685251384461137,1,30
Penang,Chicago,DHL,21,34,0.8451056409802619,1,13
Taipei,Chicago,DHL,32,9,0.3546270944431186,0,0
Penang,LA,Maersk,36,21,0.046033136141718556,0,0
Shenzhen,Chicago,FedEx,23,22,0.9867755973855576,0,0
Shenzhen,Chicago,Maersk,11,25,0.26369825545106695,1,14
Taipei,LA,DHL,10,26,0.126621121690773,1,16
Taipei,Chicago,Maersk,37,43,0.36975250797302794,1,6
Taipei,Rotterdam,FedEx,27,10,0.7385570406335566,0,0
Shenzhen,Chicago,Maersk,29,20,0.2939165968905657,0,0
Penang,Rotterdam,DHL,17,6,0.5747032039194878,0,0
Shenzhen,Chicago,FedEx,12,5,0.4155599944371422,0,0
Taipei,LA,Maersk,35,34,0.11776399227661849,0,0
Penang,LA,Maersk,15,41,0.33028701249211023,1,26
Penang,Chicago,FedEx,31,27,0.7248705057140666,0,0
Shenzhen,LA,FedEx,22,5,0.6120038973314457,0,0
Taipei,Chicago,DHL,18,23,0.11977837988356099,1,5
Shenzhen,LA,FedEx,18,7,0.16332240971430856,0,0
Penang,Rotterdam,DHL,29,6,0.6407333593074455,0,0
Shenzhen,Chicago,Maersk,18,41,0.8134154143208688,1,23
Shenzhen,Rotterdam,DHL,24,21,0.34947449595816926,0,0
Taipei,Rotterdam,Maersk,22,32,0.5953107518434502,1,10
Taipei,Chicago,FedEx,31,22,0.17064358875210528,0,0
Penang,Rotterdam,Maersk,25,37,0.31137633690532385,1,12
Shenzhen,Chicago,FedEx,11,19,0.0202702056730526,1,8
Shenzhen,Rotterdam,Maersk,35,26,0.7682759477995226,0,0
Shenzhen,Chicago,Maersk,23,31,0.4010098197729668,1,8
Penang,Chicago,Maersk,36,41,0.8161255736539539,1,5
Penang,LA,Maersk,15,36,0.7083729960227263,1,21
Taipei,Chicago,DHL,11,23,0.8287442657284769,1,12
Taipei,Chicago,Maersk,17,32,0.2856586695828828,1,15
Taipei,Rotterdam,DHL,13,32,0.18510873042784526,1,19
Shenzhen,Chicago,FedEx,30,14,0.9719056826516705,0,0
Shenzhen,LA,FedEx,33,24,0.7173277870408695,0,0
Taipei,Rotterdam,DHL,23,29,0.8340422679266704,1,6
Shenzhen,Rotterdam,FedEx,20,25,0.013133373709933727,1,5
Taipei,LA,FedEx,33,18,0.35446162029588657,0,0
Penang,Rotterdam,Maersk,37,26,0.7428166905773317,0,0
Taipei,Rotterdam,Maersk,23,30,0.07798283298998332,1,7
Penang,Rotterdam,Maersk,21,15,0.5673399295689356,0,0
Shenzhen,Rotterdam,DHL,25,11,0.4290727674550032,0,0
Taipei,LA,DHL,15,21,0.017616507141107296,1,6
Shenzhen,LA,FedEx,29,22,0.23597557711945139,0,0
Penang,Rotterdam,Maersk,10,11,0.2847919890667142,1,1
Penang,Rotterdam,DHL,21,24,0.11185994634632246,1,3
Penang,LA,DHL,16,42,0.6315369097426604,1,26
Shenzhen,LA,Maersk,17,15,0.24239787625188902,0,0
Shenzhen,LA,DHL,18,20,0.27761949961938837,1,2
Shenzhen,Rotterdam,Maersk,11,31,0.8982385982001474,1,20
Shenzhen,Rotterdam,FedEx,26,15,0.46712309269313945,0,0
Penang,Chicago,FedEx,29,20,0.39212814696927234,0,0
Penang,LA,FedEx,22,27,0.7238710383147172,1,5
Taipei,Rotterdam,Maersk,14,16,0.9096137968829121,1,2
Taipei,LA,DHL,19,44,0.025036336237443835,1,25
Shenzhen,Rotterdam,FedEx,21,7,0.4482388465553965,0,0
Penang,LA,FedEx,26,6,0.6107813560779473,0,0
Penang,Rotterdam,FedEx,30,42,0.3185630981259896,1,12
Penang,Chicago,DHL,15,28,0.7724077221232417,1,13
Taipei,Chicago,DHL,12,33,0.9714770702702739,1,21
Taipei,LA,Maersk,37,38,0.9434273662502832,1,1
Penang,Rotterdam,FedEx,24,24,0.2659825393799419,0,0
Penang,Rotterdam,DHL,16,22,0.226338278437486,1,6
Penang,LA,Maersk,39,18,0.9574905310212211,0,0
Taipei,Rotterdam,FedEx,15,22,0.4586284874314659,1,7
Penang,LA,DHL,13,6,0.20829772308469174,0,0
Penang,Rotterdam,DHL,28,5,0.7069969636304182,0,0
Shenzhen,LA,Maersk,14,24,0.28442032390379157,1,10
Shenzhen,Rotterdam,FedEx,12,38,0.26724697507105233,1,26
Taipei,LA,FedEx,35,15,0.8792490430777847,0,0
Penang,Rotterdam,DHL,34,31,0.16247915337690344,0,0
Penang,Chicago,FedEx,18,27,0.06439294646623639,1,9
Shenzhen,Rotterdam,Maersk,15,42,0.26918644017168725,1,27
Taipei,LA,DHL,22,7,0.6069454128382038,0,0
Shenzhen,Chicago,DHL,36,16,0.12308785340327055,0,0
Shenzhen,Rotterdam,Maersk,31,34,0.47159467227679375,1,3
Shenzhen,Chicago,DHL,37,35,0.6273371104253198,0,0
Shenzhen,Rotterdam,FedEx,39,27,0.8487369925931739,0,0
Penang,Chicago,FedEx,29,5,0.22986959120225436,0,0
Penang,LA,DHL,13,24,0.8173463233827895,1,11
Shenzhen,Rotterdam,Maersk,11,10,0.23490626113123858,0,0
Taipei,Rotterdam,Maersk,35,15,0.6767665412396405,0,0
Taipei,LA,FedEx,13,39,0.4306735714824551,1,26
Taipei,Chicago,Maersk,17,8,0.11468124237867017,0,0
Taipei,LA,DHL,22,33,0.7142634628218487,1,11
Shenzhen,LA,DHL,19,14,0.2177626185490178,0,0
Penang,Chicago,FedEx,27,33,0.17662342602459147,1,6
Taipei,LA,FedEx,18,42,0.3583229285893832,1,24
Shenzhen,Rotterdam,FedEx,39,5,0.6532902447594835,0,0
Taipei,Rotterdam,Maersk,10,44,0.2339964787906278,1,34
Taipei,Rotterdam,DHL,22,12,0.18366153878188574,0,0
Shenzhen,LA,DHL,27,42,0.009953625713364334,1,15
Penang,Rotterdam,DHL,24,21,0.4716430971017236,0,0
Penang,Rotterdam,FedEx,11,23,0.4286455693151827,1,12
Shenzhen,Rotterdam,DHL,20,37,0.23386774363737628,1,17
Penang,Rotterdam,Maersk,38,19,0.05365216400969075,0,0
Shenzhen,Rotterdam,Maersk,23,35,0.4292558745958369,1,12
Shenzhen,Rotterdam,DHL,31,25,0.7882051110716313,0,0
Shenzhen,LA,FedEx,24,7,0.715282131327177,0,0
Penang,Rotterdam,DHL,23,6,0.8607948898601703,0,0
Shenzhen,Rotterdam,Maersk,25,39,0.009582687713155624,1,14
Taipei,Chicago,Maersk,32,20,0.9664193168045985,0,0
Penang,LA,Maersk,38,25,0.34141225262744834,0,0
Penang,LA,DHL,24,16,0.9903977960919648,0,0
Penang,LA,Maersk,28,32,0.25261946060177465,1,4
Penang,LA,FedEx,36,16,0.4715363875782448,0,0
Taipei,Rotterdam,DHL,18,37,0.35392767657530366,1,19
Penang,Rotterdam,DHL,14,24,0.3557607149943026,1,10
Penang,Chicago,Maersk,14,44,0.8422820987482158,1,30
Shenzhen,Chicago,Maersk,20,25,0.7464189397373387,1,5
Penang,LA,FedEx,37,43,0.9921514352300481,1,6
Taipei,Chicago,DHL,29,40,0.6135146827175125,1,11
Taipei,Chicago,Maersk,34,26,0.46325660439450267,0,0
Taipei,LA,FedEx,33,30,0.09007386294689113,0,0
Taipei,LA,Maersk,37,11,0.9965614195138568,0,0
Penang,Chicago,DHL,13,11,0.5515306529322829,0,0
Penang,Rotterdam,Maersk,29,12,0.7004774696901418,0,0
Taipei,Chicago,DHL,27,30,0.4067423871913114,1,3
Taipei,Chicago,Maersk,34,28,0.5477157081792359,0,0
Penang,Rotterdam,DHL,12,28,0.9425777318928872,1,16
Taipei,Rotterdam,FedEx,13,44,0.16641943793160274,1,31
Shenzhen,LA,DHL,23,16,0.2923725843302546,0,0
Taipei,LA,FedEx,16,12,0.15205972777803234,0,0
Taipei,Chicago,DHL,35,13,0.7922159038047747,0,0
Shenzhen,Rotterdam,FedEx,17,7,0.06204526042182956,0,0
Shenzhen,LA,Maersk,33,25,0.0816316498513383,0,0
Penang,Chicago,DHL,25,35,0.2984941127873687,1,10
Penang,Rotterdam,Maersk,29,28,0.5141881809210113,0,0
Shenzhen,Chicago,FedEx,24,8,0.40627480055958654,0,0
Shenzhen,LA,DHL,16,24,0.04481631067080727,1,8
Penang,LA,DHL,35,20,0.9574915578709515,0,0
Taipei,Rotterdam,Maersk,26,14,0.9528695203580837,0,0
Shenzhen,Chicago,DHL,31,30,0.2793563232407599,0,0
Penang,Rotterdam,DHL,31,33,0.7315256152685815,1,2
Taipei,LA,Maersk,31,9,0.5785754113832238,0,0
Shenzhen,LA,DHL,21,15,0.23747669500562407,0,0
Taipei,Chicago,Maersk,27,33,0.26217155174161544,1,6
Penang,Chicago,Maersk,33,19,0.49115317431045047,0,0
Shenzhen,Chicago,Maersk,23,10,0.4192369414973601,0,0
Taipei,Rotterdam,Maersk,24,19,0.29122932823126424,0,0
Shenzhen,Chicago,Maersk,24,24,0.8075115963051489,0,0
Taipei,Chicago,FedEx,14,38,0.4814629176373849,1,24
Penang,LA,FedEx,25,6,0.6548480623891278,0,0
Penang,LA,Maersk,14,20,0.18927350016787547,1,6
Shenzhen,Chicago,FedEx,11,23,0.5335076625164867,1,12
Taipei,Chicago,FedEx,29,38,0.3179760494466215,1,9
Shenzhen,LA,DHL,37,18,0.5264136103948782,0,0
Shenzhen,Chicago,Maersk,34,28,0.7808258334109281,0,0
Taipei,Rotterdam,FedEx,18,32,0.7689132100912617,1,14
Taipei,Rotterdam,DHL,31,36,0.3542206780342759,1,5
Taipei,Rotterdam,DHL,36,41,0.6942771170796391,1,5
Penang,Chicago,Maersk,18,14,0.941289950394277,0,0
Shenzhen,LA,Maersk,13,13,0.6256693299249064,0,0
Shenzhen,Chicago,DHL,24,28,0.14841012338263715,1,4
Penang,Chicago,Maersk,20,40,0.6797086292790951,1,20
Taipei,LA,Maersk,10,33,0.10490438634931132,1,23
Penang,LA,DHL,27,33,0.8721104087930271,1,6
Penang,LA,DHL,38,27,0.5166604958019403,0,0
Penang,Rotterdam,Maersk,10,31,0.3851407363115795,1,21
Shenzhen,Chicago,FedEx,17,35,0.05700659464969238,1,18
Penang,LA,Maersk,34,11,0.3807837345921097,0,0
Shenzhen,Chicago,FedEx,25,8,0.9032066679157894,0,0
Shenzhen,Rotterdam,DHL,35,18,0.02098299628630318,0,0
Shenzhen,Rotterdam,FedEx,37,14,0.4746481577818049,0,0
Taipei,LA,DHL,31,38,0.9311580911106223,1,7
Shenzhen,LA,Maersk,27,30,0.3948409997650211,1,3
Shenzhen,Chicago,Maersk,31,27,0.4281756874621504,0,0
Taipei,LA,DHL,18,13,0.5785600551991199,0,0
Shenzhen,Chicago,DHL,21,41,0.4629373335771835,1,20
Penang,LA,DHL,28,12,0.16860169123755242,0,0
Penang,Chicago,Maersk,34,18,0.018555539069860405,0,0
Shenzhen,Chicago,Maersk,27,11,0.6098116579787016,0,0
Taipei,Chicago,FedEx,36,11,0.9208065870078121,0,0
Penang,Chicago,DHL,14,13,0.10636413302716563,0,0
Taipei,Rotterdam,FedEx,36,7,0.21095271925275338,0,0
Taipei,Chicago,Maersk,11,18,0.3702294858249735,1,7
Penang,LA,FedEx,16,21,0.8087422290211197,1,5
Taipei,Rotterdam,FedEx,36,26,0.2692603164709776,0,0
Penang,Rotterdam,Maersk,19,30,0.8820544042787685,1,11
Taipei,Chicago,Maersk,24,32,0.05495787465006641,1,8
Penang,Rotterdam,DHL,34,18,0.9409566212589349,0,0
Shenzhen,Chicago,FedEx,16,13,0.5607470778737649,0,0
Penang,LA,Maersk,37,30,0.6587776784877045,0,0
Penang,Chicago,Maersk,14,6,0.3676895225363531,0,0
Penang,Rotterdam,FedEx,24,15,0.7819942855110603,0,0
Penang,LA,Maersk,29,21,0.16656625008440606,0,0
Taipei,Chicago,DHL,37,38,0.04891182527848703,1,1
Shenzhen,LA,DHL,29,23,0.39551694310755714,0,0
Penang,LA,FedEx,24,43,0.8536957139810395,1,19
Taipei,Rotterdam,DHL,19,22,0.7549268366376947,1,3
Shenzhen,LA,Maersk,33,17,0.517155970488958,0,0
Shenzhen,Rotterdam,Maersk,35,9,0.5721377471653535,0,0
Shenzhen,LA,Maersk,38,27,0.12989282629875543,0,0
Shenzhen,Chicago,Maersk,35,28,0.8406815086175822,0,0
Penang,LA,FedEx,23,33,0.7869596829641969,1,10
Penang,Chicago,DHL,35,12,0.6564703938869427,0,0
Taipei,Chicago,DHL,35,30,0.46619103632893844,0,0
Taipei,LA,Maersk,19,19,0.9644592682795124,0,0
Taipei,Chicago,FedEx,26,5,0.8790319718764711,0,0
Shenzhen,LA,Maersk,30,32,0.6444304935146186,1,2
Shenzhen,LA,Maersk,23,18,0.3718009977172879,0,0
Penang,Chicago,FedEx,11,38,0.6180222786815124,1,27
Shenzhen,Chicago,FedEx,25,35,0.5754409265306654,1,10
Shenzhen,Rotterdam,Maersk,22,10,0.3942419878349164,0,0
Shenzhen,Chicago,DHL,36,9,0.3066739716880761,0,0
Taipei,Rotterdam,Maersk,18,35,0.4070107922373224,1,17
Taipei,Chicago,DHL,16,41,0.5739114060333979,1,25
Penang,LA,DHL,25,19,0.4281348447110944,0,0
Shenzhen,Chicago,FedEx,19,19,0.26357448820138385,0,0
Shenzhen,LA,FedEx,33,9,0.7609633177608087,0,0
Penang,LA,Maersk,31,32,0.5314674959574129,1,1
Shenzhen,LA,DHL,18,37,0.06767516322559997,1,19
Shenzhen,Rotterdam,DHL,31,15,0.3683165056261255,0,0
Taipei,Chicago,Maersk,32,10,0.8849134572119935,0,0
Penang,LA,Maersk,16,27,0.7552365311999519,1,11
Penang,LA,Maersk,25,44,0.3232467839440071,1,19
Penang,Rotterdam,FedEx,18,6,0.9381831520445091,0,0
Penang,Chicago,Maersk,36,19,0.07660290835821015,0,0
Taipei,Chicago,Maersk,33,27,0.9612347038921889,0,0
Taipei,Rotterdam,DHL,38,26,0.24570509248467565,0,0
Shenzhen,Rotterdam,Maersk,26,13,0.009094180302419264,0,0
Shenzhen,Chicago,DHL,29,44,0.4338080365183268,1,15
Shenzhen,Rotterdam,DHL,16,34,0.35897042968700865,1,18
Shenzhen,Chicago,FedEx,20,20,0.5390890052067938,0,0
Taipei,Chicago,Maersk,17,34,0.7967728605698454,1,17
Penang,LA,Maersk,16,13,0.8424308021504471,0,0
Taipei,LA,DHL,37,5,0.4012299996116918,0,0
Shenzhen,Chicago,FedEx,28,42,0.4298457437063502,1,14
Taipei,Chicago,FedEx,29,12,0.14817773032947368,0,0
Penang,Chicago,Maersk,21,22,0.047547608881163494,1,1
Penang,Chicago,DHL,16,31,0.6412149902350247,1,15
Taipei,Chicago,Maersk,17,22,0.06443762555269228,1,5
Taipei,Chicago,Maersk,16,36,0.7338301194214559,1,20
Taipei,Rotterdam,Maersk,15,36,0.5390901450222475,1,21
Shenzhen,Chicago,Maersk,34,40,0.1985829782260834,1,6
Taipei,Rotterdam,DHL,18,40,0.5395229435126496,1,22
Taipei,Rotterdam,FedEx,36,25,0.18299771660209885,0,0
Taipei,Chicago,Maersk,22,36,0.438737207510412,1,14
Penang,Chicago,Maersk,16,35,0.7995603162422289,1,19
Penang,Rotterdam,Maersk,17,41,0.4619192934106374,1,24
Shenzhen,Rotterdam,Maersk,31,20,0.14869931829754823,0,0
Shenzhen,Chicago,FedEx,26,18,0.7238286818229451,0,0
Penang,Chicago,FedEx,26,28,0.18676841627000884,1,2
Penang,Rotterdam,FedEx,25,29,0.7385498743701094,1,4
Penang,Rotterdam,FedEx,31,39,0.4793522892158333,1,8
Taipei,Rotterdam,Maersk,11,21,0.4537417590943016,1,10
Taipei,LA,DHL,39,8,0.8514350378574748,0,0
Penang,Rotterdam,FedEx,17,15,0.7086035243406688,0,0
Taipei,LA,FedEx,26,19,0.03291079695493926,0,0
Taipei,Chicago,Maersk,22,34,0.2961743146016024,1,12
Shenzhen,Chicago,Maersk,27,28,0.8709206608498986,1,1
Penang,Rotterdam,Maersk,33,6,0.01832616854519864,0,0
Penang,Chicago,Maersk,37,38,0.5452534462619704,1,1
Taipei,Chicago,DHL,31,27,0.7278256691739439,0,0
Penang,Chicago,DHL,37,35,0.6218560854845758,0,0
Shenzhen,Chicago,FedEx,19,41,0.7605322021044364,1,22
Shenzhen,LA,DHL,11,17,0.7256918489147458,1,6
Shenzhen,LA,FedEx,11,37,0.6920306951531133,1,26
Penang,Rotterdam,FedEx,36,11,0.8215398609256521,0,0
Penang,Rotterdam,DHL,23,36,0.6456906684495384,1,13
Penang,Rotterdam,FedEx,25,11,0.40241849425698206,0,0
Penang,Chicago,Maersk,16,42,0.47190910991458757,1,26
Penang,Chicago,FedEx,30,17,0.7167247826814506,0,0
Shenzhen,LA,Maersk,30,28,0.8763060296667939,0,0
Taipei,LA,DHL,33,32,0.2722188008397757,0,0
Shenzhen,Rotterdam,DHL,21,36,0.34207679597107077,1,15
Penang,LA,FedEx,37,22,0.9307393963624127,0,0
Shenzhen,LA,Maersk,32,38,0.5785117924094454,1,6
Penang,LA,FedEx,37,38,0.17896181713500103,1,1
Penang,LA,DHL,23,42,0.6636951389123827,1,19
Shenzhen,LA,FedEx,34,5,0.9907621555393796,0,0
Penang,Rotterdam,FedEx,13,35,0.8234535644704001,1,22
Taipei,Rotterdam,Maersk,35,5,0.7457411365514027,0,0
Penang,LA,DHL,13,20,0.20804665426626923,1,7
Taipei,Rotterdam,FedEx,27,43,0.8761397846840072,1,16
Taipei,Chicago,Maersk,12,19,0.5257888435355464,1,7
Penang,LA,FedEx,10,37,0.8892900220719556,1,27
Shenzhen,Chicago,Maersk,26,27,0.3298278294248793,1,1
Taipei,Rotterdam,Maersk,16,38,0.06205105263543276,1,22
Shenzhen,Rotterdam,FedEx,39,21,0.4759759686597461,0,0
Taipei,Chicago,DHL,25,29,0.26983760481787766,1,4
Penang,Rotterdam,DHL,39,10,0.7152292897762982,0,0
Penang,LA,Maersk,14,35,0.9571065528560324,1,21
Taipei,Chicago,DHL,28,9,0.6909741511515639,0,0
Penang,LA,Maersk,16,44,0.8869339297092035,1,28
Taipei,Chicago,DHL,23,44,0.45302401360120637,1,21
Penang,Rotterdam,FedEx,11,34,0.7716407371953017,1,23
Shenzhen,Chicago,DHL,12,9,0.8430434366717035,0,0
Penang,Chicago,Maersk,26,16,0.7108756275835424,0,0
Shenzhen,LA,Maersk,25,11,0.5077772860695646,0,0
Penang,Rotterdam,DHL,17,17,0.625866109615368,0,0
Shenzhen,LA,FedEx,27,8,0.7005069956788803,0,0
Penang,Rotterdam,Maersk,24,7,0.2530844032214269,0,0
Shenzhen,LA,Maersk,16,16,0.8095792609149848,0,0
Taipei,Chicago,Maersk,36,5,0.9503245389672733,0,0
Taipei,LA,Maersk,18,31,0.465239315179936,1,13
Shenzhen,Rotterdam,Maersk,15,17,0.7010671831098774,1,2
Penang,Rotterdam,FedEx,27,21,0.737025905790354,0,0
Shenzhen,Chicago,DHL,27,12,0.6622475475214803,0,0
Penang,Rotterdam,FedEx,34,36,0.5471151083286355,1,2
Taipei,LA,FedEx,35,24,0.8816479545748106,0,0
Penang,Chicago,Maersk,33,21,0.44892670926889444,0,0
Taipei,Rotterdam,FedEx,23,38,0.06110295648660358,1,15
Penang,Rotterdam,Maersk,23,39,0.8445563757121602,1,16
Penang,LA,FedEx,23,39,0.6739812723165507,1,16
Penang,LA,Maersk,34,42,0.8492586264996466,1,8
Shenzhen,Chicago,Maersk,13,28,0.1385474424446943,1,15
Shenzhen,Rotterdam,FedEx,13,22,0.03075294050971633,1,9
Taipei,LA,FedEx,24,43,0.9343745403825013,1,19
Taipei,Chicago,DHL,24,37,0.14772830585057428,1,13
Shenzhen,Rotterdam,DHL,27,27,0.8096523320704518,0,0
Taipei,Rotterdam,DHL,23,29,0.8232099421806358,1,6
Shenzhen,Chicago,FedEx,35,41,0.708705200549003,1,6
Penang,Chicago,FedEx,10,31,0.13126221109287095,1,21
Taipei,LA,Maersk,19,5,0.6673986245608076,0,0
Taipei,Rotterdam,DHL,38,25,0.8890865833268656,0,0
Shenzhen,Rotterdam,Maersk,29,14,0.42553164480088324,0,0
Taipei,Rotterdam,Maersk,19,35,0.41351685437859886,1,16
Taipei,Chicago,Maersk,19,29,0.4428583095794191,1,10
Penang,LA,Maersk,36,24,0.08227189067620644,0,0
Taipei,Rotterdam,DHL,33,6,0.8920255690299734,0,0
Penang,Chicago,Maersk,11,19,0.8691828639805104,1,8
Shenzhen,Rotterdam,FedEx,38,32,0.9979093217902862,0,0
Taipei,LA,FedEx,37,17,0.5851831414984134,0,0
Penang,Rotterdam,FedEx,36,18,0.7511916364513858,0,0
Shenzhen,LA,DHL,17,6,0.2026719063073047,0,0
Taipei,LA,Maersk,10,38,0.6675288182241695,1,28
Shenzhen,Rotterdam,DHL,10,39,0.6497328487573907,1,29
Taipei,Rotterdam,Maersk,13,41,0.9012087358416124,1,28
Shenzhen,LA,DHL,16,29,0.8307927228390741,1,13
Shenzhen,Chicago,DHL,18,19,0.9384664626177631,1,1
Penang,LA,Maersk,25,16,0.8688334727016075,0,0
Shenzhen,Rotterdam,DHL,14,13,0.868693894898852,0,0
Taipei,Rotterdam,Maersk,11,35,0.06372332668871827,1,24
Taipei,Chicago,FedEx,37,18,0.8459619526959559,0,0
Penang,LA,FedEx,32,33,0.6074783945031181,1,1
Taipei,LA,FedEx,20,42,0.3804444517659612,1,22
Taipei,LA,DHL,27,12,0.05651462438806232,0,0
Taipei,Rotterdam,FedEx,34,7,0.6776737747680467,0,0
Shenzhen,LA,Maersk,34,6,0.32820175053761746,0,0
Shenzhen,Chicago,FedEx,28,20,0.46777626498603475,0,0
Taipei,Rotterdam,FedEx,22,23,0.6817284370551343,1,1
Penang,Rotterdam,DHL,33,34,0.9117745470241428,1,1
Shenzhen,LA,Maersk,20,20,0.8254369156049984,0,0
Penang,Chicago,DHL,29,35,0.45059712910359984,1,6
Taipei,Rotterdam,DHL,28,32,0.3877831574463789,1,4
Taipei,Rotterdam,Maersk,26,8,0.23977973884404746,0,0
Shenzhen,LA,DHL,14,14,0.37242675117596824,0,0
Taipei,LA,Maersk,22,22,0.11104638729189831,0,0
Shenzhen,Chicago,FedEx,39,36,0.9711055083647545,0,0
Taipei,LA,Maersk,36,34,0.5739174439595789,0,0
Taipei,Chicago,Maersk,29,40,0.1278058427952129,1,11
Shenzhen,Rotterdam,Maersk,10,13,0.3528060092659058,1,3
Shenzhen,Chicago,DHL,19,40,0.547039143620656,1,21
Shenzhen,Chicago,Maersk,17,33,0.5328856366408696,1,16
Taipei,Chicago,Maersk,33,20,0.035503368718632355,0,0
Taipei,Rotterdam,Maersk,38,32,0.9508410342291114,0,0
Penang,LA,FedEx,17,25,0.2753756814749446,1,8
Shenzhen,Rotterdam,Maersk,28,6,0.01618466893189119,0,0
Taipei,LA,DHL,15,39,0.07644400895028247,1,24
Taipei,Chicago,Maersk,21,32,0.580194903247977,1,11
Shenzhen,Chicago,Maersk,37,40,0.13778552067509686,1,3
Penang,Chicago,FedEx,16,35,0.04172479285350328,1,19
Shenzhen,Chicago,Maersk,25,37,0.37962646641271136,1,12
Penang,Chicago,DHL,18,27,0.6227611923401886,1,9
Taipei,LA,Maersk,30,21,0.11183980484161238,0,0
Penang,LA,DHL,34,5,0.31332783215131554,0,0
Taipei,Chicago,FedEx,31,27,0.4177606716245422,0,0
Shenzhen,Rotterdam,Maersk,19,31,0.15946009778676717,1,12
Shenzhen,Rotterdam,FedEx,19,29,0.5060738984667101,1,10
Shenzhen,Chicago,Maersk,19,36,0.0852140869017709,1,17
Penang,LA,DHL,29,23,0.04651849634506866,0,0
Taipei,Rotterdam,FedEx,38,28,0.5198353671551348,0,0
Shenzhen,Rotterdam,Maersk,25,7,0.24789697275087563,0,0
Shenzhen,Rotterdam,DHL,10,16,0.09537380789802752,1,6
Taipei,Chicago,FedEx,26,39,0.4239125874876323,1,13
Shenzhen,Rotterdam,Maersk,39,19,0.9151407395173947,0,0
Taipei,Rotterdam,FedEx,35,21,0.7241924466541549,0,0
Taipei,Rotterdam,Maersk,30,36,0.8156159153470276,1,6
Taipei,Rotterdam,DHL,38,11,0.8719139887586365,0,0
Taipei,LA,DHL,23,23,0.9726277413964189,0,0
Taipei,Chicago,FedEx,28,11,0.763246573514173,0,0
Penang,Chicago,FedEx,30,9,0.6084079219394797,0,0
Shenzhen,LA,Maersk,30,44,0.3654258803022472,1,14
Penang,LA,DHL,26,25,0.18164323655771608,0,0
Shenzhen,Chicago,Maersk,23,11,0.6866598739832943,0,0
Penang,Rotterdam,DHL,17,41,0.9949499861219419,1,24
Taipei,Rotterdam,FedEx,30,27,0.46735868461891905,0,0
Shenzhen,Chicago,Maersk,30,15,0.7236793680928076,0,0
Shenzhen,Rotterdam,Maersk,18,14,0.49509244999315616,0,0
Penang,LA,DHL,17,25,0.4319334233634766,1,8
Penang,Rotterdam,DHL,22,37,0.4103056135599151,1,15
Shenzhen,Rotterdam,DHL,26,24,0.5046246829316976,0,0
Penang,Rotterdam,FedEx,28,37,0.36689566186537503,1,9
Penang,Chicago,Maersk,37,44,0.7487733218218078,1,7
Penang,LA,DHL,16,39,0.8742720265915166,1,23
Taipei,Rotterdam,FedEx,26,38,0.8828853066451842,1,12
Taipei,Chicago,DHL,10,40,0.22769871342582593,1,30
Penang,Rotterdam,Maersk,14,31,0.8959091387314908,1,17
Penang,LA,DHL,34,23,0.34155123185510505,0,0
Taipei,Rotterdam,Maersk,15,9,0.30930766548529764,0,0
Taipei,LA,FedEx,35,33,0.7267560573982359,0,0
Shenzhen,Rotterdam,FedEx,11,14,0.30469634008628943,1,3
Shenzhen,LA,DHL,36,44,0.05296640560971011,1,8
Taipei,Rotterdam,Maersk,34,17,0.373617772310308,0,0
Penang,LA,Maersk,25,33,0.721465600358349,1,8
Penang,Rotterdam,Maersk,31,9,0.3269584202701765,0,0
Penang,Rotterdam,DHL,14,16,0.6295590559951465,1,2
Penang,Chicago,Maersk,14,17,0.6601194442631304,1,3
Shenzhen,Chicago,Maersk,21,26,0.7337360117263562,1,5
Taipei,LA,Maersk,12,44,0.8971304663109364,1,32
Penang,Rotterdam,Maersk,39,19,0.43256449926843143,0,0
Shenzhen,LA,DHL,25,17,0.16643207666245707,0,0
Penang,Chicago,DHL,15,5,0.3189257154318894,0,0
Taipei,LA,Maersk,24,42,0.4321672551739859,1,18
Shenzhen,LA,Maersk,24,5,0.7138914693281131,0,0
Taipei,Chicago,FedEx,38,15,0.013122125561633502,0,0
Taipei,Rotterdam,FedEx,25,44,0.31578538343987894,1,19
Shenzhen,LA,Maersk,29,26,0.7798425810193168,0,0
Shenzhen,Chicago,Maersk,22,39,0.6708577033306954,1,17
Shenzhen,Rotterdam,FedEx,21,10,0.7317399735856052,0,0
Shenzhen,Chicago,FedEx,19,32,0.8118107694391947,1,13
Shenzhen,LA,Maersk,23,35,0.7832357188779623,1,12
Shenzhen,Rotterdam,DHL,11,12,0.6821831661527781,1,1
Shenzhen,Rotterdam,DHL,38,9,0.4396615323705906,0,0
Penang,Chicago,Maersk,12,21,0.9835983288781539,1,9
Taipei,Chicago,Maersk,18,42,0.5690731955900737,1,24
Shenzhen,Chicago,FedEx,20,13,0.20276920936883913,0,0
Penang,Rotterdam,FedEx,20,14,0.2928128551047844,0,0
Penang,Rotterdam,DHL,34,24,0.69356245597047,0,0
Penang,LA,Maersk,31,18,0.9247395651994635,0,0
Taipei,Rotterdam,FedEx,19,18,0.17872012920589753,0,0
Shenzhen,LA,DHL,35,30,0.08234649574578634,0,0
Penang,Chicago,DHL,23,33,0.8815310480420061,1,10
Taipei,Chicago,DHL,18,31,0.9152779789128344,1,13
Taipei,Rotterdam,FedEx,29,29,0.27637934531589947,0,0
Taipei,Chicago,FedEx,36,20,0.37728572437123986,0,0
Penang,Chicago,Maersk,30,40,0.6601879974978584,1,10
Shenzhen,Rotterdam,Maersk,19,38,0.3299300208424748,1,19
Penang,LA,DHL,31,20,0.8771587082700529,0,0
Penang,Rotterdam,DHL,38,37,0.10757870271386272,0,0
Shenzhen,LA,FedEx,18,7,0.03798222096019521,0,0
Shenzhen,Rotterdam,FedEx,38,27,0.2084862067427895,0,0
Shenzhen,Rotterdam,Maersk,14,15,0.286087778204969,1,1
Taipei,Chicago,Maersk,17,22,0.11292659128887506,1,5
Shenzhen,Rotterdam,Maersk,20,33,0.06569042934064673,1,13
Penang,Rotterdam,FedEx,10,9,0.7556077135017982,0,0
Shenzhen,LA,DHL,30,28,0.16427656590225737,0,0
Penang,Chicago,Maersk,19,33,0.913922199066304,1,14
Taipei,LA,Maersk,10,33,0.36799966144809604,1,23
Penang,LA,FedEx,35,30,0.6706058097213454,0,0
Penang,Chicago,Maersk,39,44,0.22540211476880023,1,5
Shenzhen,Chicago,DHL,31,7,0.24032276849186684,0,0
Shenzhen,Chicago,FedEx,16,6,0.5747092028675753,0,0
Penang,Rotterdam,Maersk,37,29,0.5606429251459861,0,0
Shenzhen,Chicago,Maersk,23,23,0.7687292280120813,0,0
Taipei,Chicago,FedEx,14,44,0.757813305694266,1,30
Taipei,Chicago,FedEx,26,6,0.6706877646636611,0,0
Shenzhen,LA,Maersk,31,23,0.449130565893491,0,0
Taipei,LA,DHL,35,5,0.8906403862806171,0,0
Shenzhen,Rotterdam,FedEx,30,31,0.6225784902212987,1,1
Penang,LA,DHL,15,39,0.9901984904623572,1,24
Penang,Rotterdam,Maersk,25,9,0.8193698179343586,0,0
Taipei,LA,DHL,20,42,0.044309811238326224,1,22
Shenzhen,Chicago,Maersk,19,8,0.32059390708031776,0,0
Shenzhen,LA,Maersk,24,21,0.5718757164709517,0,0
Taipei,Rotterdam,Maersk,16,25,0.7214695378714872,1,9
Penang,LA,Maersk,32,35,0.5503364977619415,1,3
Taipei,Chicago,DHL,11,26,0.7861304224621818,1,15
Penang,Rotterdam,Maersk,21,15,0.2826556527573446,0,0
Shenzhen,Chicago,Maersk,28,38,0.18391205123282506,1,10
Penang,Chicago,DHL,21,19,0.0539166837897701,0,0
Taipei,Rotterdam,FedEx,25,14,0.5733137445715221,0,0
Shenzhen,Chicago,DHL,15,42,0.6885995206754952,1,27
Taipei,Chicago,DHL,12,36,0.3261497171193616,1,24
Taipei,LA,DHL,11,35,0.6135841848558766,1,24
Penang,Chicago,Maersk,29,41,0.05215723085332924,1,12
Taipei,Chicago,Maersk,14,32,0.09929334629680364,1,18
Penang,Chicago,Maersk,20,35,0.7017547722584984,1,15
Shenzhen,Chicago,FedEx,35,10,0.36806970521729876,0,0
Penang,Rotterdam,Maersk,34,18,0.6713340311030056,0,0
Shenzhen,LA,FedEx,12,27,0.8317211202799181,1,15
Penang,Chicago,Maersk,12,20,0.8526224374761169,1,8
Taipei,Chicago,DHL,31,29,0.17216764546445096,0,0
Penang,Rotterdam,Maersk,14,43,0.4862855723513465,1,29
Penang,Chicago,FedEx,31,6,0.7339267236324865,0,0
Shenzhen,Rotterdam,FedEx,32,42,0.7739805962669104,1,10
Taipei,LA,Maersk,20,43,0.7846759807288776,1,23
Penang,LA,DHL,12,38,0.22816733438058445,1,26
Taipei,Chicago,Maersk,22,44,0.19253481772377334,1,22
Penang,Chicago,Maersk,30,29,0.5900124682736959,0,0
Penang,Chicago,Maersk,17,40,0.7410857977382197,1,23
Taipei,Rotterdam,DHL,29,20,0.3191395155341933,0,0
Penang,Chicago,FedEx,19,22,0.10470515686242154,1,3
Taipei,Chicago,DHL,11,17,0.7167463829100775,1,6
Penang,LA,FedEx,13,41,0.2996978313800045,1,28
Shenzhen,Chicago,FedEx,27,31,0.16636272431172183,1,4
Taipei,LA,FedEx,28,38,0.14772352839713165,1,10
Penang,Chicago,DHL,13,15,0.3149095475267163,1,2
Penang,LA,Maersk,29,5,0.5926780659137455,0,0
Shenzhen,Chicago,Maersk,35,17,0.3584022386938166,0,0
Taipei,LA,Maersk,18,34,0.02066185159343159,1,16
Penang,Rotterdam,Maersk,25,9,0.09690843467781107,0,0
Shenzhen,LA,Maersk,35,22,0.2905032471986191,0,0
Penang,LA,DHL,15,18,0.6597044821470919,1,3
Taipei,LA,DHL,34,17,0.09851507346853383,0,0
Penang,Chicago,DHL,13,36,0.5606568535006818,1,23
Penang,Chicago,DHL,18,11,0.11988587082400426,0,0
Penang,Chicago,DHL,36,12,0.2116153273493815,0,0
Penang,Rotterdam,DHL,22,11,0.17218852755576275,0,0
Shenzhen,Rotterdam,DHL,18,20,0.06722863557081049,1,2
Shenzhen,LA,Maersk,15,35,0.6713298173865903,1,20
Taipei,Rotterdam,FedEx,30,31,0.4634035473860345,1,1
Shenzhen,LA,DHL,28,37,0.8310534408973382,1,9
Shenzhen,LA,FedEx,23,33,0.09889083998231696,1,10
Taipei,LA,DHL,30,12,0.14473293333807224,0,0
Shenzhen,Rotterdam,DHL,24,37,0.3064577313504506,1,13
Shenzhen,Chicago,Maersk,12,23,0.7658659869388081,1,11
Taipei,Rotterdam,FedEx,14,25,0.3057588231556988,1,11
Taipei,LA,Maersk,30,25,0.4084187074986926,0,0
Taipei,LA,Maersk,27,29,0.30160356629716456,1,2
Penang,Rotterdam,FedEx,23,27,0.08022429180102997,1,4
Penang,LA,Maersk,25,15,0.9394336228961874,0,0
Taipei,LA,DHL,23,37,0.5485389920711888,1,14
Taipei,Rotterdam,DHL,18,24,0.7878331881854967,1,6
Taipei,Rotterdam,DHL,24,29,0.658357092185296,1,5
Penang,Rotterdam,DHL,16,30,0.5142542790619751,1,14
Penang,LA,DHL,23,44,0.08967825665938012,1,21
Shenzhen,LA,Maersk,15,16,0.6427335452703044,1,1
Shenzhen,Chicago,Maersk,30,36,0.15537035593683213,1,6
Taipei,Chicago,DHL,24,37,0.4143831693562766,1,13
Penang,Rotterdam,DHL,29,14,0.6291131434804303,0,0
Penang,Chicago,Maersk,17,8,0.7822290004721234,0,0
Penang,LA,FedEx,11,19,0.6850451757086196,1,8
Taipei,Chicago,Maersk,17,10,0.6715335290546288,0,0
Shenzhen,LA,Maersk,10,31,0.1490422091752075,1,21
Taipei,Rotterdam,Maersk,35,9,0.3461285400715879,0,0
Shenzhen,Rotterdam,Maersk,26,9,0.04291227266019415,0,0
Shenzhen,LA,Maersk,28,22,0.7194768931764646,0,0
Taipei,Chicago,FedEx,14,32,0.9525859813174191,1,18
Shenzhen,Rotterdam,DHL,39,39,0.2641103901790758,0,0
Shenzhen,Rotterdam,DHL,31,26,0.08769670916230932,0,0
Penang,Chicago,FedEx,29,38,0.4755700767536536,1,9
Shenzhen,Chicago,DHL,25,8,0.8566982231275688,0,0
Taipei,LA,DHL,16,22,0.5519741952717797,1,6
Taipei,Chicago,DHL,16,30,0.046777150190113304,1,14
Shenzhen,Chicago,FedEx,27,26,0.974272240527946,0,0
Penang,Chicago,FedEx,27,37,0.8286499099626007,1,10
Penang,LA,DHL,11,18,0.13159407705151016,1,7
Shenzhen,LA,DHL,24,35,0.9217977565035089,1,11
Shenzhen,Rotterdam,DHL,23,14,0.4506882886051886,0,0
Taipei,LA,Maersk,27,28,0.3718979905749412,1,1
Shenzhen,Rotterdam,Maersk,38,25,0.4610533305271882,0,0
Penang,Chicago,Maersk,18,12,0.8345719568709472,0,0
Shenzhen,Rotterdam,FedEx,23,36,0.6594796782867858,1,13
Taipei,Rotterdam,DHL,14,35,0.059248452399727536,1,21
Taipei,Chicago,FedEx,20,38,0.9576043711161709,1,18
Taipei,Rotterdam,FedEx,17,27,0.14778413347831776,1,10
Taipei,LA,FedEx,14,29,0.7455679517353511,1,15
Taipei,LA,DHL,38,11,0.636136530428131,0,0
Shenzhen,LA,Maersk,20,23,0.18752804794656086,1,3
Shenzhen,LA,DHL,14,11,0.17073207611304964,0,0
Shenzhen,Rotterdam,DHL,26,12,0.870327593704692,0,0
Shenzhen,Rotterdam,FedEx,31,18,0.41969492349959714,0,0
Taipei,Chicago,FedEx,13,5,0.6545765141741385,0,0
Penang,Rotterdam,FedEx,24,17,0.5040710038566732,0,0
Shenzhen,Rotterdam,Maersk,28,7,0.7273535170759595,0,0
Penang,Rotterdam,Maersk,31,32,0.47924237503933054,1,1
Shenzhen,Chicago,Maersk,11,42,0.2873799152555684,1,31
Shenzhen,LA,DHL,33,19,0.3633833709964964,0,0
Penang,Rotterdam,FedEx,26,40,0.8590776944503427,1,14
Taipei,Chicago,DHL,21,7,0.46803469292272704,0,0
Shenzhen,Chicago,Maersk,34,8,0.21344933224460927,0,0
Shenzhen,Chicago,FedEx,33,9,0.9346053880772532,0,0
Shenzhen,LA,Maersk,26,30,0.796600456498377,1,4
Penang,Rotterdam,FedEx,19,29,0.05566614605619913,1,10
Taipei,Chicago,FedEx,37,14,0.9989429619805178,0,0
Penang,LA,DHL,34,12,0.6949266964401023,0,0
Penang,Chicago,DHL,27,16,0.16026659904058693,0,0
Taipei,Chicago,Maersk,28,7,0.23716768129859644,0,0
Penang,Chicago,DHL,27,31,0.6924454812415469,1,4
Taipei,Chicago,DHL,22,27,0.779761055279122,1,5
Shenzhen,Chicago,DHL,23,44,0.23903594314980614,1,21
Taipei,LA,FedEx,33,37,0.2569688538992708,1,4
Shenzhen,Rotterdam,DHL,25,18,0.30712069487206084,0,0
Penang,Rotterdam,Maersk,27,27,0.5980183648366367,0,0
Penang,Rotterdam,FedEx,35,35,0.17181617830127693,0,0
Shenzhen,Rotterdam,FedEx,27,17,0.10424319888477751,0,0
Penang,LA,DHL,25,16,0.6788640890855135,0,0
Taipei,LA,FedEx,26,39,0.7790979397931701,1,13
Shenzhen,LA,Maersk,16,22,0.5009294044165055,1,6
Penang,Chicago,Maersk,21,25,0.3638327102683854,1,4
Shenzhen,Chicago,FedEx,11,5,0.4320427135264764,0,0
Taipei,Chicago,DHL,19,42,0.3884078338719519,1,23
Taipei,Rotterdam,DHL,14,13,0.9599849082376752,0,0
Penang,Chicago,FedEx,30,27,0.7680899052191402,0,0
Taipei,Rotterdam,Maersk,12,18,0.20808721485011028,1,6
Shenzhen,Chicago,FedEx,28,15,0.3841891520539801,0,0
Taipei,Rotterdam,DHL,22,11,0.5440122913631098,0,0
Shenzhen,Chicago,DHL,21,35,0.6129858620636884,1,14
Shenzhen,Chicago,FedEx,12,28,0.4681838960287671,1,16
Taipei,LA,Maersk,15,30,0.8101266350119591,1,15
Penang,Chicago,FedEx,23,34,0.7676060194582317,1,11
Taipei,Chicago,Maersk,13,38,0.5051579186281667,1,25
Shenzhen,LA,Maersk,22,42,0.8544293867817304,1,20
Shenzhen,Rotterdam,FedEx,28,9,0.7510895304423859,0,0
Taipei,LA,FedEx,27,9,0.7785818487206433,0,0
Penang,LA,Maersk,38,23,0.9564007794334166,0,0
Penang,Rotterdam,Maersk,12,42,0.26646694120920267,1,30
Shenzhen,Chicago,Maersk,29,32,0.2676481623668492,1,3
Shenzhen,Rotterdam,Maersk,15,30,0.8889522556906401,1,15
Penang,Chicago,DHL,25,27,0.7722263733856795,1,2
Taipei,Chicago,FedEx,29,34,0.9265455414356274,1,5
Shenzhen,Rotterdam,Maersk,33,7,0.06313016032445307,0,0
Shenzhen,LA,FedEx,12,32,0.6277570772615966,1,20
Penang,Rotterdam,Maersk,21,37,0.14462833812344744,1,16
Taipei,Chicago,FedEx,28,7,0.5038971982925826,0,0
Penang,Rotterdam,FedEx,28,9,0.15574693185344424,0,0
Taipei,Rotterdam,Maersk,33,23,0.12807850898487927,0,0
Taipei,Chicago,Maersk,13,5,0.012168345382033152,0,0
Taipei,LA,FedEx,10,42,0.6302388123829044,1,32
Shenzhen,Rotterdam,FedEx,11,13,0.35902261669008606,1,2
Penang,Chicago,FedEx,22,9,0.1051882848789717,0,0
Penang,Chicago,DHL,39,38,0.32283777773130984,0,0
Taipei,Rotterdam,Maersk,35,41,0.16894409145158495,1,6
Shenzhen,LA,DHL,38,37,0.9416948315016594,0,0
Shenzhen,Rotterdam,DHL,22,29,0.3200048857613481,1,7
Penang,LA,Maersk,39,33,0.3339535232893899,0,0
Shenzhen,LA,Maersk,11,29,0.8398580033995856,1,18
Shenzhen,LA,DHL,39,13,0.6477557612860042,0,0
Taipei,LA,Maersk,28,7,0.7101716074030013,0,0
Shenzhen,Rotterdam,FedEx,31,19,0.6360018039889606,0,0
Taipei,Chicago,FedEx,33,8,0.9461962839485654,0,0
Penang,Chicago,DHL,25,42,0.20700083155804516,1,17
Shenzhen,Chicago,DHL,21,24,0.9890392417557957,1,3
Penang,Chicago,Maersk,10,27,0.8309561775565132,1,17
Penang,Chicago,Maersk,18,41,0.5889725888763422,1,23
Shenzhen,Chicago,DHL,26,12,0.662371624396249,0,0
Shenzhen,Rotterdam,DHL,19,41,0.6488258765006141,1,22
Penang,LA,FedEx,27,37,0.0583962240591539,1,10
Shenzhen,Chicago,FedEx,28,37,0.2180164985319386,1,9
Taipei,Rotterdam,Maersk,16,11,0.9614708845247492,0,0
Taipei,Chicago,FedEx,34,26,0.5343644288593793,0,0
Shenzhen,Chicago,Maersk,28,9,0.37835360326191203,0,0
Penang,LA,Maersk,33,19,0.762038463389075,0,0
Shenzhen,LA,Maersk,24,25,0.5245189426558096,1,1
Shenzhen,LA,FedEx,18,29,0.01316277143189759,1,11
Penang,Chicago,DHL,19,21,0.7362375967151179,1,2
Penang,Chicago,DHL,32,11,0.7322175600528613,0,0
Taipei,Chicago,FedEx,29,23,0.1651487121099744,0,0
Penang,LA,DHL,29,11,0.9566600884242134,0,0
Taipei,Rotterdam,Maersk,13,44,0.22390813154111433,1,31
Penang,Chicago,DHL,15,28,0.4577493673821993,1,13
Shenzhen,Chicago,FedEx,13,15,0.11473596126091468,1,2
Taipei,Chicago,DHL,14,5,0.6032823194505884,0,0
Taipei,Rotterdam,Maersk,18,36,0.3754511200572125,1,18
Taipei,Chicago,Maersk,21,44,0.35317346220970547,1,23
Shenzhen,Rotterdam,FedEx,32,6,0.8269768772209473,0,0
Shenzhen,Chicago,FedEx,17,19,0.009561712850478243,1,2
Shenzhen,Rotterdam,FedEx,30,25,0.7979467708924225,0,0
Shenzhen,Chicago,Maersk,14,28,0.5714485657480787,1,14
Shenzhen,LA,DHL,38,21,0.9860985134801991,0,0
Taipei,LA,DHL,20,13,0.589443220604249,0,0
Shenzhen,LA,FedEx,32,39,0.05537913414795792,1,7
Taipei,LA,DHL,20,24,0.050645326443726324,1,4
Shenzhen,Chicago,DHL,22,23,0.8831529863718319,1,1
Penang,LA,FedEx,23,22,0.8412141455110531,0,0
Taipei,Rotterdam,FedEx,37,24,0.3458900755820232,0,0
Penang,LA,Maersk,17,34,0.6180324841811372,1,17
Taipei,LA,Maersk,34,44,0.4895913570556003,1,10
Penang,LA,Maersk,39,5,0.9671640551360522,0,0
Shenzhen,Chicago,Maersk,27,28,0.9499609008768916,1,1
Shenzhen,LA,DHL,28,28,0.9838390085407746,0,0
Shenzhen,Rotterdam,DHL,21,23,0.8664487806342642,1,2
Taipei,LA,Maersk,21,34,0.9095515907751013,1,13
Penang,LA,Maersk,27,30,0.21727877876713642,1,3
Shenzhen,LA,FedEx,19,42,0.8310067889897745,1,23
Penang,Rotterdam,DHL,16,33,0.7088571132042747,1,17
Penang,LA,DHL,37,17,0.9627865088280702,0,0
Shenzhen,Rotterdam,Maersk,27,8,0.5712618284426194,0,0
Shenzhen,Rotterdam,DHL,21,21,0.08516716671055635,0,0
Penang,LA,FedEx,23,37,0.597398891187153,1,14
Shenzhen,Rotterdam,FedEx,24,9,0.6865809280212878,0,0
Shenzhen,Chicago,DHL,25,32,0.2203210287124283,1,7
Shenzhen,LA,Maersk,11,28,0.3941133835127284,1,17
Taipei,LA,DHL,39,21,0.59850341405168,0,0
Penang,Rotterdam,FedEx,39,43,0.37410573731650554,1,4
Penang,Rotterdam,Maersk,27,44,0.37494771723866394,1,17
Taipei,LA,DHL,21,15,0.1330866391727974,0,0
Penang,Chicago,Maersk,25,16,0.940746723077666,0,0
Shenzhen,Rotterdam,Maersk,22,17,0.7504943844950965,0,0
Penang,Rotterdam,FedEx,29,12,0.001243438866102009,0,0
Shenzhen,Chicago,Maersk,26,5,0.7656132840221652,0,0
Taipei,Chicago,DHL,27,13,0.7397949926578588,0,0
Shenzhen,LA,Maersk,12,32,0.009730960155522994,1,20
Penang,Chicago,Maersk,32,6,0.36960429761376457,0,0
Penang,LA,DHL,19,18,0.6067476903255307,0,0
Penang,Chicago,FedEx,10,17,0.45275065185803587,1,7
Taipei,Rotterdam,FedEx,15,6,0.7779861187205073,0,0
Taipei,LA,DHL,12,8,0.425458332634434,0,0
Penang,LA,DHL,28,16,0.15386296945383704,0,0
Shenzhen,LA,FedEx,13,14,0.9764156242738286,1,1
Taipei,Chicago,Maersk,38,7,0.2420399927760466,0,0
Penang,Rotterdam,DHL,29,8,0.7176923105413323,0,0
Penang,LA,Maersk,32,10,0.14315631166407194,0,0
Taipei,LA,DHL,12,27,0.32901261378393265,1,15
Taipei,LA,FedEx,17,9,0.44202760843042377,0,0
Taipei,LA,Maersk,17,7,0.1922320045270639,0,0
Shenzhen,Rotterdam,Maersk,36,14,0.4499595763686095,0,0
Shenzhen,Chicago,DHL,38,23,0.15716282299175,0,0
Penang,Rotterdam,Maersk,16,18,0.5590065389858901,1,2
Taipei,LA,DHL,11,25,0.663713252520194,1,14
Shenzhen,Rotterdam,FedEx,30,32,0.06243428402801077,1,2
Taipei,LA,Maersk,15,25,0.8711321210821681,1,10
Penang,Chicago,DHL,37,40,0.18514088504203552,1,3
Shenzhen,Chicago,Maersk,25,28,0.2253624253203238,1,3
Shenzhen,Chicago,DHL,19,42,0.661349840083063,1,23
Shenzhen,LA,DHL,13,21,0.46875106043441406,1,8
Penang,Rotterdam,DHL,22,26,0.4993955991710657,1,4
Taipei,Chicago,FedEx,19,23,0.12815498456313268,1,4
Shenzhen,LA,Maersk,30,14,0.8057358218764082,0,0
Penang,LA,FedEx,23,15,0.61705424610421,0,0
Taipei,Rotterdam,DHL,18,42,0.13538204330945602,1,24
Penang,Chicago,DHL,20,6,0.373999367025596,0,0
Taipei,LA,FedEx,32,37,0.8104099327350301,1,5
Penang,Rotterdam,FedEx,27,35,0.5683550459866207,1,8
Taipei,Chicago,Maersk,20,39,0.10864877913293047,1,19
Shenzhen,Rotterdam,DHL,26,41,0.3727770457892867,1,15
Taipei,Rotterdam,FedEx,11,40,0.2426943984557346,1,29
Penang,LA,DHL,12,27,0.5174655536537264,1,15
Penang,LA,DHL,20,40,0.8433611288719896,1,20
Taipei,LA,Maersk,27,44,0.4362671348044198,1,17
Shenzhen,Rotterdam,Maersk,36,43,0.4333420303683231,1,7
Shenzhen,LA,Maersk,12,30,0.905350902327037,1,18
Taipei,Rotterdam,FedEx,35,29,0.5761854125072724,0,0
Taipei,Rotterdam,DHL,24,21,0.5661910873974069,0,0
Penang,LA,FedEx,20,19,0.2619098918753894,0,0
Shenzhen,Chicago,FedEx,20,41,0.6077227478371263,1,21
Taipei,Chicago,Maersk,37,8,0.5759104674173964,0,0
Shenzhen,Chicago,DHL,39,26,0.39685147034186397,0,0
Taipei,Rotterdam,DHL,37,21,0.9906955658991805,0,0
Taipei,Rotterdam,Maersk,34,26,0.8818909649480867,0,0
Shenzhen,Rotterdam,DHL,29,21,0.7495862900768155,0,0
Taipei,LA,Maersk,37,18,0.5373455884130005,0,0
Taipei,Rotterdam,FedEx,34,18,0.46205980189463025,0,0
Penang,LA,FedEx,20,21,0.18489739522319937,1,1
Taipei,LA,Maersk,28,12,0.3057374740146237,0,0
Taipei,Chicago,FedEx,37,38,0.7739607998232102,1,1
Taipei,Chicago,FedEx,10,30,0.45374895393755144,1,20
Penang,Chicago,Maersk,36,34,0.8822695165695014,0,0
Shenzhen,LA,FedEx,14,26,0.14791113634552877,1,12
Penang,LA,DHL,19,20,0.5083470960136365,1,1
Penang,LA,FedEx,19,34,0.6469656840213087,1,15
Shenzhen,Rotterdam,Maersk,23,20,0.516848456307926,0,0
Penang,LA,DHL,11,42,0.8892268915849871,1,31
Shenzhen,Chicago,DHL,13,28,0.9895632818291398,1,15
Penang,Chicago,FedEx,11,40,0.11583465834136975,1,29
Shenzhen,LA,DHL,27,39,0.129954904076921,1,12
Taipei,LA,Maersk,22,10,0.13032411356012108,0,0
Penang,Chicago,DHL,28,8,0.6811770960705276,0,0
Penang,LA,FedEx,14,22,0.3726760954958379,1,8
Penang,Chicago,FedEx,29,10,0.733314661265906,0,0
Penang,Rotterdam,DHL,11,30,0.4054714728869787,1,19
Taipei,Chicago,Maersk,20,41,0.6276067213320636,1,21
Penang,Rotterdam,Maersk,39,31,0.7698580056788935,0,0
Taipei,LA,FedEx,39,15,0.5482159106549206,0,0
Taipei,LA,FedEx,35,42,0.5395035904500061,1,7
Taipei,Rotterdam,Maersk,27,20,0.08823432528563446,0,0
Taipei,LA,DHL,39,23,0.4107817429094348,0,0
Shenzhen,Rotterdam,DHL,15,19,0.5457771532249376,1,4
Shenzhen,LA,DHL,32,30,0.46198082566640997,0,0
Penang,Chicago,DHL,37,35,0.9007820001884255,0,0
Shenzhen,LA,Maersk,19,23,0.9065306321194894,1,4
Shenzhen,Chicago,FedEx,31,28,0.8219173805887617,0,0
Penang,Chicago,FedEx,32,13,0.37529807537312,0,0
Penang,Rotterdam,DHL,26,27,0.7172991516875343,1,1
Penang,LA,Maersk,31,8,0.3952884610696098,0,0
Shenzhen,Rotterdam,Maersk,20,14,0.23259359897575904,0,0
Shenzhen,LA,DHL,28,13,0.3429026435508816,0,0
Penang,Chicago,DHL,26,23,0.07096463328553548,0,0
Taipei,Chicago,DHL,33,19,0.3317775090046472,0,0
Penang,LA,FedEx,13,38,0.4607422172611716,1,25
Taipei,LA,DHL,35,23,0.95548089478083,0,0
Taipei,Rotterdam,FedEx,33,25,0.3134105862196249,0,0
Penang,LA,Maersk,35,38,0.9024535392055206,1,3
Penang,LA,Maersk,23,21,0.22885827582349705,0,0
Penang,LA,FedEx,36,22,0.1909688977592494,0,0
Shenzhen,Rotterdam,FedEx,29,21,0.5189954564321649,0,0
Taipei,LA,FedEx,13,6,0.672511369297406,0,0
Shenzhen,Chicago,FedEx,37,5,0.044332250802281425,0,0
Shenzhen,Rotterdam,DHL,23,14,0.2210658650472167,0,0
Penang,Rotterdam,Maersk,35,41,0.4556836665013164,1,6
Shenzhen,Chicago,DHL,13,9,0.33100433598318146,0,0
Penang,Chicago,FedEx,15,16,0.7126210793483219,1,1
Taipei,Chicago,DHL,39,40,0.5111605960413168,1,1
Penang,LA,DHL,18,35,0.1603591056039002,1,17
Shenzhen,Chicago,Maersk,30,42,0.8944653793150905,1,12
Shenzhen,LA,DHL,21,13,0.29290567548335955,0,0
Penang,Rotterdam,Maersk,38,30,0.7311311089644235,0,0
Penang,Rotterdam,FedEx,35,19,0.7799157791054099,0,0
Shenzhen,Chicago,DHL,39,20,0.9631577002561021,0,0
Taipei,LA,FedEx,17,17,0.4985074665241014,0,0
Taipei,Chicago,Maersk,33,29,0.6158355154644322,0,0
Penang,Chicago,FedEx,13,34,0.33487629347953374,1,21
Taipei,LA,FedEx,36,11,0.6781792934120665,0,0
Shenzhen,Chicago,Maersk,35,8,0.4633834858663197,0,0
Penang,Rotterdam,FedEx,34,44,0.43765236472442226,1,10
Shenzhen,Chicago,FedEx,34,42,0.8554675291161055,1,8
Shenzhen,LA,FedEx,14,34,0.050168843498688664,1,20
Taipei,LA,DHL,15,14,0.8819624278318685,0,0
Penang,Rotterdam,FedEx,14,34,0.8520698378285569,1,20
Penang,LA,Maersk,28,43,0.5063662535617891,1,15
Taipei,LA,DHL,36,11,0.49020285420562826,0,0
Shenzhen,Rotterdam,DHL,17,40,0.3618073680354902,1,23
Shenzhen,Chicago,Maersk,18,39,0.9941737916817344,1,21
Shenzhen,Rotterdam,FedEx,24,28,0.11116933275384122,1,4
Shenzhen,Chicago,DHL,13,43,0.590215235628607,1,30
Penang,Rotterdam,DHL,34,40,0.681681590112417,1,6
Penang,Chicago,DHL,18,24,0.9343300082169445,1,6
Taipei,Rotterdam,FedEx,16,36,0.7802034968567615,1,20
Taipei,Chicago,DHL,17,43,0.6438472028115468,1,26
Penang,Rotterdam,Maersk,24,30,0.11681231681212267,1,6
Penang,Chicago,FedEx,28,30,0.3737335168314674,1,2
Shenzhen,Rotterdam,Maersk,24,40,0.13884164254798526,1,16
Shenzhen,LA,Maersk,14,39,0.8812127324655137,1,25
Taipei,Chicago,DHL,28,39,0.749621155563643,1,11
Penang,Rotterdam,DHL,16,16,0.7575367867972292,0,0
Taipei,Chicago,DHL,15,37,0.6522565177735441,1,22
Penang,Chicago,Maersk,36,40,0.5070435369367097,1,4
Shenzhen,Rotterdam,FedEx,28,18,0.1499710594634972,0,0
Taipei,Chicago,DHL,34,37,0.32969488670505176,1,3
Taipei,Rotterdam,DHL,37,28,0.13691579247689056,0,0
Penang,LA,Maersk,26,19,0.7249131428523432,0,0
Shenzhen,Chicago,FedEx,19,35,0.16022877602200503,1,16
Taipei,LA,Maersk,28,21,0.7021135501716855,0,0
Shenzhen,Chicago,DHL,20,16,0.6922553895959047,0,0
Taipei,Chicago,Maersk,24,26,0.4593044789912889,1,2
Shenzhen,Chicago,DHL,19,27,0.1352286541180523,1,8
Penang,Rotterdam,FedEx,20,30,0.3148008261340367,1,10
Taipei,LA,Maersk,32,18,0.32009310907555144,0,0
Taipei,Chicago,DHL,12,16,0.7003851331432934,1,4
Shenzhen,Rotterdam,DHL,39,8,0.11374301941372433,0,0
Shenzhen,Chicago,DHL,12,17,0.8290686462160908,1,5
Taipei,Rotterdam,DHL,27,22,0.761007290185914,0,0
Penang,Chicago,Maersk,34,32,0.18630691817427392,0,0
Shenzhen,LA,DHL,20,42,0.7191643817788894,1,22
Shenzhen,LA,Maersk,29,23,0.6685131814678218,0,0
Shenzhen,Chicago,DHL,35,42,0.7481208001109263,1,7
Taipei,Rotterdam,Maersk,38,7,0.18892855544869447,0,0
Taipei,Chicago,Maersk,31,23,0.15759032215646862,0,0
Taipei,Rotterdam,DHL,27,24,0.23648398592275421,0,0
Taipei,Chicago,DHL,34,29,0.36587170314897566,0,0
Penang,Rotterdam,DHL,24,15,0.7936649810358012,0,0
Penang,LA,DHL,16,21,0.73792393747885,1,5
Taipei,Chicago,FedEx,19,39,0.9254515922785331,1,20
Penang,LA,DHL,30,18,0.05862955909861545,0,0
Shenzhen,LA,DHL,32,43,0.011556281014185599,1,11
Shenzhen,Chicago,DHL,39,23,0.6991388297007991,0,0
Shenzhen,Chicago,Maersk,29,7,0.2792874957941657,0,0
Taipei,Rotterdam,DHL,38,38,0.33407889553381753,0,0
Shenzhen,Rotterdam,Maersk,19,26,0.5468020259145122,1,7
Penang,LA,Maersk,22,42,0.10241312312679851,1,20
Taipei,Rotterdam,Maersk,24,31,0.6426944165480497,1,7
Penang,Rotterdam,Maersk,32,25,0.3251474462311502,0,0
Shenzhen,Chicago,FedEx,27,35,0.6327151243009916,1,8
Shenzhen,Rotterdam,DHL,32,31,0.8340069130733858,0,0
Shenzhen,LA,Maersk,13,41,0.17111133333742967,1,28
Taipei,Rotterdam,DHL,29,6,0.9308730929145203,0,0
Penang,LA,Maersk,26,13,0.5306881410624438,0,0
Taipei,Chicago,FedEx,37,23,0.9229277651739684,0,0
Taipei,LA,Maersk,12,40,0.20773008220177813,1,28
Shenzhen,Rotterdam,DHL,30,14,0.6045626646042376,0,0
Taipei,Chicago,DHL,30,44,0.4038871173236047,1,14
Taipei,Rotterdam,FedEx,11,43,0.7742221911560132,1,32
Shenzhen,Chicago,DHL,13,11,0.6059089432132964,0,0
Taipei,Chicago,DHL,10,8,0.49451545695831844,0,0
Shenzhen,Rotterdam,Maersk,24,19,0.9129854064310087,0,0
Shenzhen,Rotterdam,DHL,34,16,0.3771170641716802,0,0
Shenzhen,Chicago,Maersk,10,10,0.2199802048981815,0,0
Shenzhen,Chicago,FedEx,15,13,0.6081011868520917,0,0
Taipei,Rotterdam,DHL,16,39,0.6240284371728138,1,23
Shenzhen,LA,Maersk,28,12,0.4390946215718754,0,0
Shenzhen,Rotterdam,DHL,21,11,0.4866100436893823,0,0
Taipei,Chicago,Maersk,10,8,0.9595534142998999,0,0
Taipei,Rotterdam,FedEx,16,17,0.7326856913968013,1,1
Penang,LA,Maersk,28,23,0.110601751482577,0,0
Taipei,Rotterdam,DHL,22,11,0.21213007087061098,0,0
Taipei,Chicago,Maersk,35,14,0.975576634435559,0,0
Penang,Rotterdam,DHL,21,29,0.7264655537935313,1,8
Taipei,Chicago,FedEx,21,39,0.9150451261446532,1,18
Taipei,Chicago,Maersk,31,29,0.30386146398872205,0,0
Taipei,Rotterdam,DHL,22,33,0.7418668600865923,1,11
Taipei,Chicago,DHL,37,16,0.7140027085235114,0,0
Penang,Chicago,DHL,23,44,0.2946899854393751,1,21
Taipei,LA,Maersk,31,16,0.5508163254507054,0,0
Taipei,LA,Maersk,39,10,0.6274151112702953,0,0
Penang,LA,Maersk,21,14,0.48113181082746503,0,0
Shenzhen,LA,FedEx,29,6,0.8271787066580127,0,0
Penang,Chicago,DHL,21,29,0.8328690417979895,1,8
Shenzhen,Rotterdam,DHL,36,11,0.8506005483015567,0,0
Penang,Chicago,FedEx,15,44,0.8034235690981628,1,29
Penang,Chicago,FedEx,36,27,0.4880834771971446,0,0
Taipei,Chicago,Maersk,19,15,0.3814382981490072,0,0
Shenzhen,Rotterdam,Maersk,29,40,0.8313762837143706,1,11
Taipei,LA,Maersk,38,27,0.49020145855626684,0,0
Shenzhen,Chicago,Maersk,33,11,0.24637139862798185,0,0
Penang,Chicago,Maersk,18,31,0.5073435323222163,1,13
Penang,LA,Maersk,11,17,0.14184982191924211,1,6
Shenzhen,Chicago,FedEx,16,21,0.6916294905987989,1,5
Taipei,Rotterdam,FedEx,18,36,0.33592128162390633,1,18
Taipei,Chicago,FedEx,34,30,0.2606587984474543,0,0
Taipei,Chicago,DHL,21,26,0.956508746234745,1,5
Taipei,LA,DHL,14,17,0.7768809957583076,1,3
Penang,Chicago,Maersk,10,16,0.7870695027239316,1,6
Penang,Chicago,FedEx,31,11,0.6237219692791834,0,0
Penang,Rotterdam,DHL,24,5,0.8391728105102971,0,0
Penang,LA,DHL,17,37,0.7591624811633813,1,20
Penang,LA,FedEx,10,18,0.5987737041336165,1,8
Taipei,Rotterdam,DHL,27,21,0.9611244018517173,0,0
Taipei,Chicago,DHL,22,8,0.19159494968442303,0,0
Taipei,LA,FedEx,38,43,0.943379718994751,1,5
Taipei,LA,DHL,10,5,0.40143816199886495,0,0
Penang,Chicago,FedEx,14,28,0.5283989834014866,1,14
Penang,Chicago,DHL,27,38,0.12273931954430894,1,11
Penang,LA,FedEx,25,38,0.5401074389217909,1,13
Shenzhen,Chicago,DHL,35,28,0.6112067518581934,0,0
Taipei,LA,DHL,19,19,0.997701541808524,0,0
Taipei,Chicago,FedEx,39,21,0.9751924110715265,0,0
Penang,Chicago,DHL,13,17,0.9663972918742872,1,4
Taipei,Rotterdam,FedEx,10,11,0.34838806010205736,1,1
Taipei,Chicago,FedEx,32,13,0.9912664987450435,0,0
Penang,Rotterdam,DHL,17,39,0.45547815159511085,1,22
Shenzhen,Chicago,Maersk,14,27,0.8518362587619005,1,13
Shenzhen,LA,DHL,11,43,0.216319969018972,1,32
Shenzhen,LA,Maersk,33,27,0.5058331796566023,0,0
Penang,Chicago,Maersk,26,30,0.9660120961276054,1,4
Taipei,Chicago,DHL,16,5,0.9470313969234275,0,0
Penang,LA,Maersk,26,18,0.6837348778214267,0,0
Penang,Chicago,FedEx,37,36,0.7978143225530598,0,0
Taipei,Rotterdam,FedEx,15,14,0.1764266966024014,0,0
Shenzhen,Rotterdam,Maersk,38,5,0.7216585494841574,0,0
Shenzhen,Rotterdam,FedEx,31,9,0.6180508083353723,0,0
Penang,Rotterdam,DHL,24,7,0.09155173575124609,0,0
Shenzhen,Rotterdam,FedEx,14,31,0.11315900658967626,1,17
Penang,Chicago,Maersk,24,26,0.10844361775126188,1,2
Penang,Chicago,DHL,27,22,0.7243569348298357,0,0
Taipei,Rotterdam,FedEx,27,20,0.14171520824757244,0,0
Taipei,Chicago,DHL,34,6,0.46773227111447047,0,0
Taipei,Chicago,Maersk,30,17,0.35698180587775774,0,0
Penang,Rotterdam,FedEx,30,20,0.5505041407702178,0,0
Taipei,Chicago,DHL,32,12,0.7064764872194028,0,0
Shenzhen,Chicago,DHL,15,12,0.684722537221332,0,0
Shenzhen,Chicago,FedEx,11,14,0.5155199159143766,1,3
Penang,Rotterdam,DHL,36,37,0.4643348736103855,1,1
Penang,Chicago,DHL,26,35,0.3978155951222587,1,9
Taipei,LA,Maersk,30,16,0.8619099483043794,0,0
Penang,LA,Maersk,13,13,0.330851804872645,0,0
Penang,Rotterdam,Maersk,21,41,0.25936582116749485,1,20
Shenzhen,LA,Maersk,28,13,0.7433154936552713,0,0
Shenzhen,Rotterdam,Maersk,11,22,0.35976346169672646,1,11
Taipei,LA,Maersk,35,34,0.8469985997572684,0,0
Penang,LA,FedEx,11,36,0.32788871863714475,1,25
Penang,LA,Maersk,23,44,0.7019448245745882,1,21
Shenzhen,Rotterdam,DHL,24,27,0.045109006285336095,1,3
Penang,Rotterdam,FedEx,29,15,0.38556288011032,0,0
Shenzhen,Chicago,DHL,11,24,0.3432301749675515,1,13
Taipei,Rotterdam,Maersk,13,23,0.8166787392759234,1,10
Shenzhen,LA,Maersk,28,40,0.9670554032283101,1,12
Penang,LA,DHL,18,30,0.4608812766929614,1,12
Taipei,Rotterdam,DHL,16,14,0.8248362771537581,0,0
Shenzhen,Rotterdam,DHL,39,28,0.6996947009573651,0,0
Shenzhen,Rotterdam,FedEx,22,17,0.9673859876636932,0,0
Taipei,Chicago,Maersk,36,38,0.8111085143428247,1,2
Taipei,LA,DHL,21,33,0.07747806596373052,1,12
Shenzhen,Chicago,Maersk,12,40,0.7132817223822362,1,28
Penang,Chicago,DHL,22,11,0.5354997154223736,0,0
Shenzhen,LA,Maersk,24,34,0.016436057932327164,1,10
Taipei,LA,FedEx,23,21,0.2513129587254437,0,0
Shenzhen,Rotterdam,Maersk,33,17,0.921755245026893,0,0
Taipei,Rotterdam,DHL,18,28,0.9260613727867529,1,10
Taipei,Chicago,Maersk,22,35,0.7988504602006344,1,13
Penang,Rotterdam,FedEx,32,31,0.9817796032779894,0,0
Taipei,Rotterdam,FedEx,31,25,0.8065452246242049,0,0
Taipei,LA,Maersk,13,5,0.010204187285245192,0,0
Penang,LA,DHL,30,19,0.2878343403015118,0,0
Taipei,Rotterdam,FedEx,17,7,0.030624182237762865,0,0
Penang,LA,FedEx,12,10,0.09410796873755944,0,0
Penang,Rotterdam,Maersk,11,18,0.21884081695077606,1,7
Taipei,LA,FedEx,28,42,0.5035585463255224,1,14
Taipei,LA,FedEx,37,37,0.8475320034620177,0,0
Shenzhen,LA,DHL,32,42,0.861966756157108,1,10
Penang,LA,DHL,17,12,0.6162018585572965,0,0
Shenzhen,Rotterdam,DHL,26,30,0.928175939066235,1,4
Taipei,Chicago,Maersk,22,19,0.5000623265902081,0,0
Shenzhen,LA,FedEx,16,18,0.8890360441332016,1,2
Penang,Rotterdam,Maersk,18,24,0.4540652563320121,1,6
Shenzhen,Rotterdam,FedEx,21,23,0.2772250074218823,1,2
Penang,LA,FedEx,38,37,0.9164129181004277,0,0
Taipei,Chicago,FedEx,23,40,0.3879350756788693,1,17
Taipei,LA,DHL,23,28,0.5034041088444616,1,5
Penang,Rotterdam,Maersk,24,14,0.3288606325306772,0,0
Taipei,Chicago,Maersk,12,38,0.6628376002907298,1,26
Taipei,Rotterdam,FedEx,24,40,0.9950312250060355,1,16
Taipei,LA,Maersk,28,40,0.025513548864769642,1,12
Taipei,Chicago,DHL,33,20,0.8998480060071015,0,0
Penang,Rotterdam,Maersk,29,19,0.003926056989265403,0,0
Shenzhen,Rotterdam,FedEx,23,22,0.3642278811462111,0,0
Shenzhen,Rotterdam,DHL,17,11,0.1686068062895143,0,0
Taipei,LA,DHL,14,26,0.7573417806725513,1,12
Shenzhen,Chicago,FedEx,39,36,0.05061084075717348,0,0
Shenzhen,LA,Maersk,28,23,0.5534849535843279,0,0
Taipei,LA,FedEx,13,44,0.29492613384531263,1,31
Taipei,LA,Maersk,23,5,0.13367024886470213,0,0
Shenzhen,Chicago,Maersk,25,39,0.7718182121026408,1,14
Penang,LA,DHL,29,9,0.2174168342552567,0,0
Taipei,LA,FedEx,33,16,0.2236752120549389,0,0
Penang,LA,DHL,15,16,0.275076785137923,1,1
Shenzhen,LA,FedEx,32,25,0.5867667638280274,0,0
Taipei,Rotterdam,FedEx,34,23,0.6596659316907483,0,0
Penang,LA,DHL,15,13,0.017602523701344963,0,0
Taipei,Rotterdam,FedEx,12,40,0.2418696361137903,1,28
Shenzhen,LA,FedEx,24,36,0.43097084250528284,1,12
Penang,Chicago,Maersk,38,39,0.33197695216123313,1,1
Shenzhen,Rotterdam,FedEx,12,35,0.884170658510886,1,23
Shenzhen,Rotterdam,FedEx,20,36,0.7877087308864188,1,16
Taipei,Rotterdam,DHL,12,41,0.6258902155388275,1,29
Penang,Rotterdam,DHL,37,36,0.33804241599703977,0,0
Shenzhen,Chicago,FedEx,19,41,0.7006723448461598,1,22
Shenzhen,LA,Maersk,27,43,0.8436380128457944,1,16
Penang,Rotterdam,Maersk,10,42,0.5948303773589867,1,32
Shenzhen,Chicago,DHL,25,34,0.7844614668933791,1,9
Shenzhen,Rotterdam,FedEx,25,36,0.7491049613997478,1,11
Penang,LA,FedEx,36,6,0.5717373111603222,0,0
Penang,Rotterdam,Maersk,19,15,0.31218321682151096,0,0
Penang,Chicago,Maersk,10,24,0.7457821580012718,1,14
Penang,LA,Maersk,13,41,0.20679636635760645,1,28
Taipei,Chicago,DHL,12,13,0.7794883464715338,1,1
Penang,LA,FedEx,14,42,0.804546692142533,1,28
Taipei,LA,DHL,21,23,0.8221448795703731,1,2
Taipei,LA,FedEx,34,44,0.4729159709784576,1,10
Taipei,Rotterdam,DHL,21,11,0.19248076777042167,0,0
Shenzhen,Chicago,FedEx,22,9,0.09972360006606873,0,0
Taipei,Chicago,Maersk,33,28,0.7433612504879242,0,0
Taipei,Chicago,Maersk,21,11,0.8862613845298132,0,0
Shenzhen,LA,Maersk,34,15,0.6508383588369067,0,0
Shenzhen,Rotterdam,DHL,25,13,0.1441600603883696,0,0
Shenzhen,LA,Maersk,22,34,0.934896448517574,1,12
Penang,Chicago,FedEx,14,7,0.9891020145393196,0,0
Shenzhen,Rotterdam,DHL,33,26,0.43337860993492194,0,0
Shenzhen,Rotterdam,FedEx,13,44,0.5948252892737712,1,31
Taipei,Rotterdam,DHL,30,24,0.7772285200016578,0,0
Shenzhen,Chicago,FedEx,24,36,0.7363897900500447,1,12
Penang,Rotterdam,FedEx,21,11,0.9677871919334492,0,0
Shenzhen,Rotterdam,DHL,28,11,0.11488309107878891,0,0
Penang,LA,DHL,30,24,0.5807248661428057,0,0
Shenzhen,LA,Maersk,37,29,0.6919314196730921,0,0
Shenzhen,Rotterdam,Maersk,28,39,0.89009842418767,1,11
Shenzhen,Rotterdam,FedEx,30,28,0.8741096277181507,0,0
Shenzhen,LA,FedEx,20,44,0.97799979356129,1,24
Penang,LA,FedEx,39,17,0.512078453937679,0,0
Penang,LA,DHL,30,43,0.8307608668132266,1,13
Taipei,Chicago,DHL,15,8,0.4272817081273277,0,0
Penang,Chicago,Maersk,18,16,0.42231387785603225,0,0
Shenzhen,LA,FedEx,10,21,0.253348364472859,1,11
Taipei,Rotterdam,Maersk,21,5,0.8182372870192298,0,0
Taipei,LA,DHL,35,21,0.9858151058135156,0,0
Taipei,Chicago,DHL,23,6,0.2563417283472579,0,0
Shenzhen,Rotterdam,DHL,15,10,0.05613158802107232,0,0
Penang,Chicago,Maersk,10,15,0.8155424374190073,1,5
Shenzhen,Rotterdam,DHL,31,22,0.6202300525347562,0,0
Taipei,Chicago,FedEx,11,44,0.9596988005510044,1,33
Shenzhen,Rotterdam,Maersk,33,29,0.25223921907695224,0,0
Shenzhen,Rotterdam,DHL,20,43,0.07102765800128108,1,23
Penang,Rotterdam,Maersk,12,32,0.49244226086650156,1,20
Penang,Rotterdam,Maersk,19,20,0.08546602296514749,1,1
Taipei,Chicago,DHL,39,16,0.26179000110270745,0,0
Shenzhen,Chicago,DHL,15,33,0.12597786081916829,1,18
Shenzhen,Rotterdam,Maersk,15,27,0.2241321796600787,1,12
Penang,Rotterdam,Maersk,29,25,0.10614465282139185,0,0
Shenzhen,Chicago,DHL,30,20,0.9539059994272854,0,0
Shenzhen,Rotterdam,FedEx,11,30,0.2785627134497355,1,19
Shenzhen,Rotterdam,Maersk,35,41,0.44389758599256546,1,6
Penang,Rotterdam,Maersk,35,26,0.8986118076342223,0,0
Taipei,LA,FedEx,33,14,0.6773215879614743,0,0
Taipei,Rotterdam,DHL,19,11,0.6180374805617743,0,0
Shenzhen,LA,DHL,32,13,0.7055631903608371,0,0
Taipei,Rotterdam,FedEx,35,29,0.8288222571053818,0,0
Penang,Chicago,DHL,15,19,0.8776692678517609,1,4
Penang,LA,DHL,32,17,0.6426396706650265,0,0
Taipei,LA,Maersk,37,30,0.8900072746940577,0,0
Taipei,Rotterdam,Maersk,26,25,0.5353975274254769,0,0
Shenzhen,Rotterdam,Maersk,39,27,0.2772908562684234,0,0
Taipei,LA,FedEx,23,32,0.8800767088838444,1,9
Shenzhen,Chicago,DHL,14,42,0.5414728274130871,1,28
Shenzhen,Chicago,DHL,32,16,0.9061375875672343,0,0
Penang,Rotterdam,Maersk,26,28,0.04016781395058122,1,2
Penang,Chicago,Maersk,11,17,0.39751575154123553,1,6
Penang,Chicago,FedEx,18,44,0.9478050183624682,1,26
Penang,Rotterdam,DHL,21,6,0.24965009275830274,0,0
Taipei,Chicago,FedEx,28,43,0.9415362460384926,1,15
Penang,Rotterdam,DHL,31,16,0.9539024611292499,0,0
Taipei,LA,FedEx,16,43,0.882142314225861,1,27
Penang,Rotterdam,Maersk,18,18,0.5636680450932987,0,0
Taipei,LA,FedEx,30,34,0.6469394490806385,1,4
Shenzhen,LA,FedEx,25,23,0.8696169984498692,0,0
Taipei,Chicago,Maersk,29,35,0.7758970823891844,1,6
Taipei,Chicago,DHL,20,29,0.6300938494554116,1,9
Penang,Chicago,DHL,21,8,0.9822594078707026,0,0
Taipei,Rotterdam,Maersk,24,17,0.6856766363336941,0,0
Shenzhen,Chicago,FedEx,27,40,0.9754819924477611,1,13
Shenzhen,LA,FedEx,28,41,0.057388474607090734,1,13
Penang,Chicago,FedEx,25,7,0.13896037074221246,0,0
Shenzhen,Chicago,DHL,24,20,0.4514588460004906,0,0
Taipei,Rotterdam,FedEx,14,30,0.3848794608843151,1,16
Shenzhen,Rotterdam,DHL,20,44,0.7827348413570278,1,24
Penang,LA,FedEx,24,43,0.16061402646920375,1,19
Taipei,Rotterdam,Maersk,38,23,0.9760951791114886,0,0
Penang,Chicago,Maersk,27,19,0.315065875260914,0,0
Taipei,Rotterdam,DHL,22,36,0.4289237077401594,1,14
Shenzhen,LA,DHL,13,25,0.2747450324400229,1,12
Penang,Chicago,Maersk,26,5,0.5793636173265473,0,0
Penang,LA,Maersk,13,10,0.058628700422583946,0,0
Taipei,Rotterdam,FedEx,25,31,0.1496775055704488,1,6
Penang,Rotterdam,Maersk,32,27,0.7457977034187242,0,0
Taipei,LA,DHL,24,35,0.1865005834048039,1,11
Taipei,Chicago,Maersk,23,16,0.23551445155666284,0,0
Taipei,Rotterdam,DHL,21,25,0.7929822357248377,1,4
Taipei,Rotterdam,DHL,12,6,0.0933011783572536,0,0
Shenzhen,Chicago,FedEx,19,9,0.4374738227708409,0,0
Taipei,Rotterdam,FedEx,17,13,0.023063386997226987,0,0
Penang,LA,FedEx,15,24,0.34680739931790383,1,9
Shenzhen,Rotterdam,FedEx,31,22,0.6989814026107545,0,0
Penang,Rotterdam,Maersk,23,26,0.09010327971722831,1,3
Shenzhen,Chicago,FedEx,26,12,0.8883346267787601,0,0
Taipei,LA,Maersk,30,38,0.909499042940716,1,8
Shenzhen,Chicago,FedEx,28,13,0.1049903751251351,0,0
Shenzhen,Rotterdam,FedEx,25,11,0.9907324363757767,0,0
Penang,Rotterdam,DHL,24,34,0.2975295533954889,1,10
Penang,Chicago,Maersk,35,22,0.08410167113160605,0,0
Taipei,Chicago,DHL,24,31,0.005067114497262271,1,7
Shenzhen,Chicago,FedEx,10,20,0.4085228957638626,1,10
Shenzhen,LA,Maersk,33,25,0.6298099857061177,0,0
Shenzhen,Rotterdam,FedEx,32,9,0.33217924990331327,0,0
Taipei,Chicago,DHL,32,33,0.8367173654746227,1,1
Taipei,Rotterdam,Maersk,21,41,0.7166062755650501,1,20
Taipei,LA,DHL,19,26,0.3501615319680327,1,7
Taipei,LA,FedEx,23,18,0.7343096666086046,0,0
Taipei,LA,FedEx,19,23,0.9404877369692498,1,4
Penang,LA,FedEx,19,39,0.09309599854301709,1,20
Shenzhen,Rotterdam,Maersk,29,28,0.3061039601576169,0,0
Shenzhen,LA,DHL,38,10,0.4633259391166933,0,0
Shenzhen,LA,DHL,20,7,0.4979901277547686,0,0
Shenzhen,Chicago,FedEx,31,38,0.5421956448860736,1,7
Shenzhen,LA,DHL,25,6,0.30062690653864854,0,0
Shenzhen,Chicago,Maersk,38,19,0.6672596459823491,0,0
Shenzhen,LA,FedEx,18,41,0.6450845035298297,1,23
Shenzhen,LA,FedEx,24,19,0.5778215062716139,0,0
Penang,Chicago,FedEx,23,36,0.11376172171087662,1,13
Shenzhen,LA,Maersk,28,25,0.4769678910959445,0,0
Penang,Rotterdam,FedEx,18,21,0.3562268874893756,1,3
Taipei,Rotterdam,FedEx,13,38,0.4910384698381226,1,25
Shenzhen,LA,FedEx,30,36,0.921866435515026,1,6
Taipei,Rotterdam,FedEx,16,27,0.4805313431584083,1,11
Taipei,Chicago,DHL,31,39,0.013980791839511841,1,8
Taipei,LA,FedEx,35,41,0.43883673808413093,1,6
Penang,LA,Maersk,17,41,0.8206481800493821,1,24
Taipei,Chicago,FedEx,33,37,0.7800609232181682,1,4
Taipei,Chicago,FedEx,17,29,0.513390073528181,1,12
Taipei,Chicago,DHL,28,41,0.2497690128593153,1,13
Shenzhen,LA,FedEx,24,44,0.4650886629145451,1,20
Shenzhen,Chicago,DHL,25,25,0.5637022194181917,0,0
Penang,Chicago,Maersk,39,42,0.9998714382741338,1,3
Penang,Rotterdam,DHL,35,44,0.6441780901693773,1,9
Shenzhen,Rotterdam,FedEx,31,38,0.6942649300626135,1,7
Penang,LA,Maersk,32,23,0.49145414356805195,0,0
Shenzhen,Rotterdam,FedEx,18,31,0.35448955078252986,1,13
Taipei,Rotterdam,DHL,35,13,0.812952983647206,0,0
Taipei,Chicago,Maersk,35,9,0.4949323243392362,0,0
Penang,Chicago,Maersk,39,9,0.9946901299645251,0,0
Shenzhen,Rotterdam,DHL,21,29,0.4571205742680441,1,8
Shenzhen,Rotterdam,DHL,25,30,0.06800028364757738,1,5
Penang,Rotterdam,Maersk,13,23,0.6825781370900827,1,10
Shenzhen,LA,Maersk,14,34,0.04664145092581107,1,20
Taipei,LA,DHL,17,40,0.2505015968847033,1,23
Penang,LA,FedEx,10,20,0.35373825277990334,1,10
Penang,Rotterdam,Maersk,37,11,0.7394835856213277,0,0
Shenzhen,Rotterdam,DHL,15,22,0.4942359264076128,1,7
Penang,LA,FedEx,24,25,0.02864593131025661,1,1
Shenzhen,LA,Maersk,13,35,0.6168498512759222,1,22
Shenzhen,Rotterdam,Maersk,30,5,0.41143623742666235,0,0
Shenzhen,Chicago,DHL,20,7,0.9218345099671071,0,0
Shenzhen,LA,FedEx,14,35,0.4995623111402354,1,21
Shenzhen,Rotterdam,Maersk,27,29,0.708975145939339,1,2
Penang,Rotterdam,FedEx,33,12,0.21886849232954686,0,0
Taipei,Chicago,FedEx,24,5,0.7609735645316532,0,0
Taipei,Rotterdam,Maersk,27,11,0.7209553104836723,0,0
Penang,Rotterdam,FedEx,29,11,0.9040817085413082,0,0
Penang,LA,Maersk,37,12,0.033821641719199214,0,0
Taipei,LA,FedEx,22,23,0.44750069761745115,1,1
Taipei,Chicago,Maersk,14,21,0.6791554027396302,1,7
Taipei,Chicago,DHL,39,15,0.09516390008021502,0,0
Taipei,Rotterdam,Maersk,10,15,0.4106040671489124,1,5
Taipei,LA,Maersk,31,42,0.9421466030661954,1,11
Shenzhen,Chicago,Maersk,27,6,0.43593449089112823,0,0
Penang,Chicago,FedEx,23,8,0.9854047834806314,0,0
Shenzhen,Chicago,DHL,14,32,0.05683906107981962,1,18
Taipei,Rotterdam,FedEx,15,37,0.7178297761408913,1,22
Taipei,LA,FedEx,36,15,0.5810162362482695,0,0
Taipei,Chicago,Maersk,33,7,0.5005396771321254,0,0
Shenzhen,LA,FedEx,34,44,0.9708474014850094,1,10
Shenzhen,Chicago,Maersk,38,9,0.12965040049112864,0,0
Taipei,Chicago,DHL,37,25,0.8959989516809134,0,0
Shenzhen,LA,FedEx,25,26,0.6912404111366103,1,1
Shenzhen,LA,FedEx,31,41,0.2589960732996327,1,10
Taipei,LA,FedEx,30,15,0.9016691456322934,0,0
Shenzhen,Rotterdam,Maersk,21,26,0.42929491786101326,1,5
Penang,Chicago,Maersk,29,17,0.8142273280730709,0,0
Penang,Rotterdam,FedEx,27,7,0.38883651704739997,0,0
Penang,LA,FedEx,11,17,0.850930827433241,1,6
Penang,Chicago,DHL,32,32,0.6366291184450487,0,0
Taipei,Rotterdam,DHL,30,15,0.14104663358372715,0,0
Taipei,Chicago,DHL,32,15,0.6496631634695276,0,0
Taipei,Rotterdam,DHL,22,25,0.19134476270187262,1,3
Penang,LA,DHL,36,25,0.4119226278941627,0,0
Penang,Rotterdam,Maersk,26,11,0.17029558425203373,0,0
Shenzhen,Chicago,DHL,26,21,0.022016115667118585,0,0
Shenzhen,Chicago,DHL,25,18,0.2118865394499575,0,0
Penang,Chicago,FedEx,30,37,0.5363720237241257,1,7
Penang,Chicago,Maersk,27,15,0.481560967777346,0,0
Penang,LA,DHL,17,17,0.5014970955360637,0,0
Penang,Rotterdam,DHL,39,5,0.2476868784466013,0,0
Shenzhen,LA,DHL,12,38,0.6851612006141862,1,26
Penang,LA,FedEx,26,13,0.7042632868203458,0,0
Shenzhen,LA,FedEx,38,17,0.35796782555966555,0,0
Penang,Chicago,FedEx,27,41,0.8811700884741743,1,14
Penang,Chicago,DHL,35,34,0.6440232166355478,0,0
Penang,Chicago,FedEx,35,41,0.7130392752586318,1,6
Shenzhen,Rotterdam,DHL,32,11,0.2773399179389394,0,0
Shenzhen,Chicago,Maersk,15,18,0.0006116351555870425,1,3
Taipei,Rotterdam,DHL,37,10,0.8653756121021096,0,0
Penang,Chicago,FedEx,17,38,0.8224243845798085,1,21
Taipei,Chicago,Maersk,32,20,0.12319188804283021,0,0
Taipei,LA,DHL,39,41,0.3741051349563065,1,2
Shenzhen,LA,Maersk,35,40,0.6613393083885826,1,5
Shenzhen,LA,Maersk,22,10,0.6521108572187282,0,0
Taipei,Rotterdam,Maersk,17,12,0.8603503348085565,0,0
Penang,Rotterdam,DHL,28,28,0.14026816163542855,0,0
Shenzhen,Chicago,FedEx,15,7,0.4299397477851188,0,0
Penang,Rotterdam,DHL,38,8,0.09722441792642478,0,0
Penang,Chicago,FedEx,32,36,0.38959524843862814,1,4
Taipei,Rotterdam,DHL,24,5,0.015107445587704382,0,0
Taipei,Rotterdam,DHL,19,38,0.898273065110127,1,19
Taipei,Rotterdam,DHL,36,13,0.5270439968286811,0,0
Taipei,LA,FedEx,26,16,0.8498022608023537,0,0
Shenzhen,Rotterdam,DHL,10,14,0.05990470100336376,1,4
Shenzhen,LA,Maersk,16,14,0.22745811047292064,0,0
Taipei,LA,DHL,38,27,0.2593799952211806,0,0
Shenzhen,Rotterdam,Maersk,36,10,0.38669149463878805,0,0
Taipei,Chicago,FedEx,22,28,0.8028663723975461,1,6
Penang,Chicago,FedEx,12,28,0.38655787373149264,1,16
Penang,Chicago,DHL,28,25,0.204653529646327,0,0
Penang,Rotterdam,DHL,24,35,0.06499026033876842,1,11
Taipei,Chicago,DHL,14,34,0.07949174835268746,1,20
Penang,LA,Maersk,20,38,0.7600472059609774,1,18
Shenzhen,Chicago,FedEx,31,22,0.444802991036633,0,0
Penang,Rotterdam,Maersk,27,16,0.7261811220000153,0,0
Penang,Chicago,Maersk,12,39,0.6822871217636975,1,27
Penang,LA,DHL,15,11,0.1353624617602578,0,0
Shenzhen,Rotterdam,DHL,12,44,0.1428879341922672,1,32
Taipei,Chicago,Maersk,39,29,0.7553420154341339,0,0
Shenzhen,Rotterdam,Maersk,14,10,0.7212682934854172,0,0
Taipei,Rotterdam,DHL,18,5,0.37803076687431036,0,0
Taipei,Rotterdam,DHL,37,20,0.07742226333284008,0,0
Penang,Chicago,Maersk,28,8,0.0120980216984522,0,0
Taipei,Rotterdam,DHL,37,33,0.28815694946174486,0,0
Shenzhen,Chicago,DHL,36,42,0.009222273587226937,1,6
Shenzhen,LA,Maersk,22,32,0.2300726211037034,1,10
Taipei,Chicago,Maersk,38,26,0.41950074021133854,0,0
Penang,LA,FedEx,15,12,0.1214157653119542,0,0
Penang,Chicago,Maersk,20,36,0.10427775783154625,1,16
Shenzhen,Rotterdam,DHL,30,37,0.8964374357187366,1,7
Penang,Chicago,Maersk,30,17,0.5854700290228892,0,0
Taipei,Rotterdam,Maersk,36,31,0.9344556867627815,0,0
Taipei,LA,Maersk,39,22,0.3458261637856792,0,0
Shenzhen,Chicago,FedEx,23,22,0.6771449373291631,0,0
Taipei,Rotterdam,FedEx,15,17,0.2046916746217904,1,2
Shenzhen,LA,DHL,15,26,0.6183403172799412,1,11
Taipei,LA,FedEx,26,18,0.1295857300099844,0,0
Shenzhen,Chicago,Maersk,20,15,0.002080639176285759,0,0
Penang,LA,FedEx,24,43,0.931531801409579,1,19
Taipei,Rotterdam,Maersk,18,26,0.5548943761752093,1,8
Taipei,LA,FedEx,30,40,0.9269406627820395,1,10
Shenzhen,LA,FedEx,26,21,0.33383152370207203,0,0
Shenzhen,Rotterdam,FedEx,33,36,0.3277860691617568,1,3
Taipei,LA,Maersk,16,18,0.4006550017730317,1,2
Shenzhen,LA,FedEx,16,33,0.7060409839581683,1,17
Taipei,LA,Maersk,39,10,0.5658086341861742,0,0
Penang,LA,Maersk,30,8,0.9253549070991179,0,0
Shenzhen,Rotterdam,DHL,10,15,0.025440901132439353,1,5
Taipei,LA,FedEx,34,44,0.7081959379725364,1,10
Penang,Rotterdam,DHL,36,14,0.3303276893665543,0,0
Penang,LA,DHL,34,32,0.18023365181846118,0,0
Taipei,LA,Maersk,17,15,0.510395622520099,0,0
Shenzhen,LA,FedEx,14,39,0.505063784179996,1,25
Taipei,LA,Maersk,39,19,0.1370110286884284,0,0
Penang,Rotterdam,Maersk,28,12,0.20189605613288986,0,0
Taipei,Rotterdam,FedEx,17,24,0.4081646649015549,1,7
Shenzhen,Rotterdam,Maersk,26,25,0.40881141239231533,0,0
Penang,Chicago,FedEx,28,5,0.3175581396196847,0,0
Taipei,LA,FedEx,21,33,0.14854515150998093,1,12
Shenzhen,LA,Maersk,36,28,0.004373679100979522,0,0
Penang,Rotterdam,Maersk,32,34,0.9702350624280206,1,2
Shenzhen,Chicago,DHL,39,44,0.943499229703927,1,5
Penang,LA,Maersk,24,39,0.4836503791761352,1,15
Taipei,Rotterdam,FedEx,13,37,0.9950517532750057,1,24
Shenzhen,LA,DHL,32,24,0.6736543307822432,0,0
Penang,LA,FedEx,21,20,0.06885753760754154,0,0
Shenzhen,Rotterdam,DHL,36,13,0.11771819908262737,0,0
Shenzhen,Rotterdam,Maersk,22,35,0.9161108438696377,1,13
Taipei,LA,Maersk,23,21,0.6300522021496284,0,0
Shenzhen,LA,Maersk,14,35,0.8431836266573511,1,21
Penang,Rotterdam,FedEx,31,27,0.8982696496338443,0,0
Penang,LA,DHL,25,10,0.4479420112823861,0,0
Penang,LA,FedEx,39,34,0.04852595157669304,0,0
Penang,Rotterdam,DHL,16,11,0.18828034889732204,0,0
Taipei,LA,Maersk,24,44,0.0665719473024351,1,20
Shenzhen,LA,FedEx,22,15,0.18873984569850732,0,0
Taipei,Chicago,Maersk,35,38,0.4105329264558768,1,3
Shenzhen,Rotterdam,FedEx,25,16,0.11819681051498543,0,0
Shenzhen,Chicago,Maersk,21,31,0.16673324780534327,1,10
Shenzhen,Chicago,FedEx,16,16,0.4458217820716792,0,0
Taipei,Chicago,FedEx,25,17,0.34017095038848955,0,0
Shenzhen,LA,DHL,32,12,0.467658124188041,0,0
Taipei,LA,Maersk,32,20,0.42917202775906205,0,0
Penang,Chicago,DHL,36,33,0.6444780259798835,0,0
Penang,Chicago,DHL,22,39,0.9371895488758545,1,17
Shenzhen,Chicago,Maersk,38,33,0.10786433844424248,0,0
Taipei,LA,FedEx,32,35,0.09926014930919491,1,3
Penang,Chicago,DHL,12,17,0.852806111090902,1,5
Taipei,Chicago,Maersk,24,16,0.5063967046524591,0,0
Taipei,Rotterdam,FedEx,37,6,0.7664050235684422,0,0
Shenzhen,Rotterdam,DHL,12,37,0.21542190360728142,1,25
Penang,LA,DHL,16,12,0.8288625731675517,0,0
Shenzhen,Rotterdam,DHL,39,44,0.9238466241926959,1,5
Shenzhen,Rotterdam,FedEx,27,36,0.6354830155464882,1,9
Penang,Rotterdam,DHL,23,42,0.10587902147380224,1,19
Penang,LA,FedEx,27,32,0.8952948141563388,1,5
Taipei,Rotterdam,DHL,28,19,0.7924877273700713,0,0
Penang,LA,Maersk,23,27,0.7508777765144898,1,4
Taipei,Chicago,DHL,29,28,0.03672818890591556,0,0
Taipei,Rotterdam,Maersk,15,17,0.7989625252569712,1,2
Taipei,LA,Maersk,38,25,0.137951010468357,0,0
Penang,Rotterdam,Maersk,17,16,0.22238617619688839,0,0
Shenzhen,Chicago,FedEx,35,17,0.5771348348692575,0,0
Taipei,LA,Maersk,35,43,0.26498077291688305,1,8
Shenzhen,LA,DHL,16,27,0.6613482063119197,1,11
Shenzhen,LA,FedEx,29,32,0.6080704476990816,1,3
Penang,Chicago,Maersk,27,18,0.10814959801326263,0,0
Shenzhen,Chicago,FedEx,27,21,0.6560145795915063,0,0
Shenzhen,Chicago,FedEx,24,28,0.92395490982493,1,4
Penang,LA,FedEx,29,38,0.16110990518583312,1,9
Taipei,Chicago,DHL,31,26,0.5970620209428874,0,0
Shenzhen,Rotterdam,Maersk,28,14,0.3418653719366941,0,0
Penang,Chicago,FedEx,31,12,0.45961167177360396,0,0
Shenzhen,LA,FedEx,30,25,0.2870001790789699,0,0
Shenzhen,Rotterdam,FedEx,30,41,0.35413063634769526,1,11
Taipei,Chicago,Maersk,11,11,0.02891182326655728,0,0
Shenzhen,Rotterdam,FedEx,17,30,0.9815517379172206,1,13
Penang,Rotterdam,FedEx,30,17,0.6247999220727483,0,0
Shenzhen,LA,DHL,20,20,0.5007055904938853,0,0
Taipei,Rotterdam,Maersk,27,34,0.3837153495003267,1,7
Taipei,Rotterdam,DHL,32,35,0.5393745588240276,1,3
Penang,LA,Maersk,22,9,0.38010599871580397,0,0
Taipei,LA,Maersk,18,36,0.3599079274936733,1,18
Shenzhen,LA,Maersk,18,20,0.4639465417220131,1,2
Taipei,Rotterdam,DHL,26,13,0.2759830336711908,0,0
Penang,Rotterdam,DHL,16,26,0.18004989996678544,1,10
Taipei,Rotterdam,DHL,18,44,0.5566058981802935,1,26
Taipei,LA,DHL,31,41,0.8427654361503011,1,10
Taipei,Chicago,FedEx,10,18,0.1528281777258923,1,8
Penang,Rotterdam,FedEx,11,20,0.03273434060421865,1,9
Taipei,Chicago,FedEx,13,24,0.24681174515403614,1,11
Taipei,LA,Maersk,23,19,0.9797206434538108,0,0
Shenzhen,Rotterdam,FedEx,13,30,0.8287580737433393,1,17
Penang,Chicago,Maersk,11,13,0.5958660535285966,1,2
Taipei,Rotterdam,DHL,17,5,0.9292489152431359,0,0
Penang,Rotterdam,Maersk,27,39,0.44527911683724464,1,12
Taipei,Rotterdam,Maersk,28,24,0.9832806025751739,0,0
Taipei,Chicago,FedEx,23,10,0.29630204511928404,0,0
Taipei,LA,DHL,29,14,0.24030574951593908,0,0
Shenzhen,Rotterdam,DHL,34,37,0.638048201147011,1,3
Shenzhen,LA,FedEx,19,20,0.3781539679503604,1,1
Shenzhen,LA,DHL,26,40,0.6263655419762578,1,14
Penang,Chicago,DHL,17,10,0.3049955183026858,0,0
Penang,Chicago,DHL,37,23,0.6179182568379911,0,0
Shenzhen,LA,FedEx,23,35,0.2757462605850364,1,12
Penang,Rotterdam,DHL,30,6,0.05097206881888994,0,0
Taipei,Chicago,Maersk,32,22,0.9121359019231834,0,0
Taipei,Rotterdam,Maersk,17,32,0.8832052018734622,1,15
Taipei,Rotterdam,DHL,14,8,0.9707981492726719,0,0
Shenzhen,Rotterdam,FedEx,25,5,0.7165271762214047,0,0
Penang,LA,FedEx,17,20,0.6827211777353029,1,3
Shenzhen,Rotterdam,FedEx,19,6,0.5590030700748307,0,0
Penang,LA,DHL,36,40,0.12594241635252268,1,4
Taipei,LA,DHL,17,5,0.18923531094927004,0,0
Shenzhen,Rotterdam,Maersk,18,43,0.2894696886725362,1,25
Penang,Rotterdam,FedEx,27,27,0.8901563625733944,0,0
Penang,Rotterdam,Maersk,12,30,0.17296952460307513,1,18
Taipei,Rotterdam,Maersk,26,15,0.9228731744878906,0,0
Shenzhen,LA,FedEx,29,5,0.5227857330514172,0,0
Shenzhen,Rotterdam,DHL,24,15,0.7155696354730722,0,0
Shenzhen,Rotterdam,DHL,30,28,0.11024448668056652,0,0
Taipei,LA,Maersk,36,14,0.2690335487759109,0,0
Shenzhen,Chicago,Maersk,26,18,0.9585186081814263,0,0
Taipei,Chicago,Maersk,17,18,0.2661499469297314,1,1
Taipei,LA,Maersk,11,11,0.2965217203911461,0,0
Taipei,Chicago,FedEx,26,27,0.19759738484107947,1,1
Penang,LA,Maersk,27,26,0.1290736653068295,0,0
Shenzhen,Rotterdam,Maersk,38,40,0.23325764145399797,1,2
Shenzhen,Rotterdam,DHL,14,31,0.6423268919507984,1,17
Taipei,Chicago,DHL,18,6,0.4553677335035635,0,0
Taipei,Rotterdam,DHL,18,43,0.5537558363378986,1,25
Shenzhen,Chicago,FedEx,11,23,0.12236482876602428,1,12
Taipei,Chicago,FedEx,11,11,0.8021164471629001,0,0
Shenzhen,Rotterdam,DHL,28,16,0.784094700579848,0,0
Penang,Rotterdam,DHL,32,7,0.02158991114267539,0,0
Taipei,Chicago,Maersk,36,9,0.38351509451030497,0,0
Shenzhen,Rotterdam,Maersk,12,12,0.06877060197114782,0,0
Taipei,LA,FedEx,26,18,0.7921057794149581,0,0
Shenzhen,Rotterdam,FedEx,23,40,0.7372696831257044,1,17
Shenzhen,Rotterdam,Maersk,23,11,0.9019880942931561,0,0
Taipei,LA,DHL,23,11,0.2364039589531146,0,0
Penang,Rotterdam,Maersk,15,36,0.4562958831277989,1,21
Shenzhen,Rotterdam,FedEx,12,12,0.18448787716439774,0,0
Shenzhen,Chicago,FedEx,10,16,0.3712349344741195,1,6
Shenzhen,Rotterdam,Maersk,39,14,0.522243251566884,0,0
Penang,Rotterdam,Maersk,25,18,0.053330789838588966,0,0
Penang,LA,Maersk,38,13,0.7148704106773852,0,0
Taipei,Chicago,FedEx,13,42,0.5432933603710752,1,29
Penang,Chicago,DHL,38,34,0.8289590172106733,0,0
Taipei,Chicago,Maersk,10,9,0.27178050119119723,0,0
Taipei,Rotterdam,FedEx,26,5,0.9033211052692545,0,0
Penang,Chicago,FedEx,37,5,0.9986942530304433,0,0
Taipei,LA,FedEx,27,24,0.9192984383776744,0,0
Penang,Chicago,Maersk,35,15,0.7778924758331541,0,0
Taipei,LA,Maersk,17,30,0.8123688028737808,1,13
Penang,Chicago,DHL,11,7,0.5737442425445864,0,0
Penang,Chicago,FedEx,36,10,0.1901538629126105,0,0
Taipei,LA,Maersk,27,15,0.6770406851477173,0,0
Shenzhen,Chicago,FedEx,36,12,0.7127530020599315,0,0
Taipei,Chicago,FedEx,36,33,0.9853851402679057,0,0
Penang,Chicago,DHL,25,14,0.5413013162563218,0,0
Shenzhen,Rotterdam,Maersk,35,38,0.2713690150250564,1,3
Taipei,LA,Maersk,19,28,0.6836725217395068,1,9
Taipei,Chicago,FedEx,17,21,0.9793758196664546,1,4
Taipei,LA,FedEx,21,36,0.177213908269094,1,15
Shenzhen,LA,DHL,31,15,0.32599791853560267,0,0
Penang,LA,DHL,25,38,0.5418809537726811,1,13
Taipei,Chicago,DHL,21,28,0.17021463488200483,1,7
Taipei,Chicago,DHL,20,9,0.022220639519938357,0,0
Taipei,LA,DHL,29,33,0.3369831224412506,1,4
Taipei,Rotterdam,DHL,28,38,0.865370801501058,1,10
Taipei,LA,FedEx,10,20,0.043468399323714824,1,10
Penang,Rotterdam,DHL,36,29,0.42892905901691747,0,0
Penang,LA,FedEx,12,41,0.7622007729260825,1,29
Taipei,LA,FedEx,21,12,0.9531825969108852,0,0
Shenzhen,LA,Maersk,39,33,0.9854753990044323,0,0
Penang,Chicago,FedEx,18,29,0.4219693806087417,1,11
Shenzhen,Rotterdam,FedEx,30,27,0.9503842943791175,0,0
Penang,Rotterdam,DHL,38,38,0.03541897328086374,0,0
Taipei,LA,FedEx,31,7,0.7459169379985563,0,0
Penang,Chicago,DHL,14,34,0.6427460346336129,1,20
Taipei,Chicago,DHL,10,38,0.2495218575861523,1,28
Penang,Rotterdam,DHL,19,36,0.5073185006796489,1,17
Taipei,Chicago,Maersk,26,33,0.1295537377604956,1,7
Taipei,Rotterdam,DHL,13,13,0.871597150951561,0,0
Taipei,Rotterdam,FedEx,24,6,0.35789808554564795,0,0
Taipei,Rotterdam,DHL,28,43,0.6260444704657165,1,15
Shenzhen,Chicago,DHL,36,11,0.15877628628726226,0,0
Taipei,Rotterdam,DHL,17,9,0.2061648446312071,0,0
Shenzhen,Rotterdam,Maersk,37,12,0.991956370803152,0,0
Shenzhen,LA,FedEx,37,36,0.7530863944413293,0,0
Taipei,Rotterdam,Maersk,32,22,0.9619718697740708,0,0
Shenzhen,Rotterdam,FedEx,24,42,0.29585116521204413,1,18
Penang,LA,Maersk,36,22,0.1645628766198204,0,0
Taipei,LA,FedEx,16,20,0.5030684634788309,1,4
Shenzhen,Chicago,Maersk,24,25,0.4946682822273434,1,1
Taipei,Rotterdam,DHL,17,14,0.17494651375798786,0,0
Taipei,Chicago,Maersk,39,8,0.7332195695814102,0,0
Taipei,Chicago,Maersk,35,12,0.36177753443873406,0,0
Shenzhen,LA,DHL,32,23,0.18636523093051727,0,0
Penang,Chicago,DHL,19,44,0.3319833945432884,1,25
Penang,Rotterdam,FedEx,27,44,0.5636586996350151,1,17
Shenzhen,LA,FedEx,13,13,0.7264709321804432,0,0
Taipei,Rotterdam,FedEx,24,34,0.48189088605748454,1,10
Shenzhen,Rotterdam,Maersk,20,21,0.5255949898283735,1,1
Shenzhen,LA,FedEx,31,44,0.1389459359427484,1,13
Shenzhen,Rotterdam,Maersk,12,19,0.9146909247082321,1,7
Taipei,LA,Maersk,24,8,0.9287241979920444,0,0
Shenzhen,Rotterdam,FedEx,12,10,0.6834265904180037,0,0
Taipei,LA,FedEx,24,20,0.017631408934024706,0,0
Shenzhen,Chicago,Maersk,15,30,0.537074215903326,1,15
Penang,Rotterdam,DHL,10,41,0.6292189720886135,1,31
Shenzhen,LA,DHL,23,27,0.99465422295811,1,4
Shenzhen,Rotterdam,Maersk,25,17,0.9960669551947968,0,0
Penang,Rotterdam,FedEx,10,21,0.8576112353255574,1,11
Taipei,Rotterdam,Maersk,30,31,0.06383099202611353,1,1
Taipei,LA,Maersk,26,26,0.9532763907787299,0,0
Shenzhen,Chicago,FedEx,35,41,0.6126612471519991,1,6
Penang,Chicago,DHL,17,23,0.8008867704791794,1,6
Taipei,Chicago,Maersk,27,43,0.40719284968585356,1,16
Shenzhen,LA,DHL,25,39,0.3196694712345898,1,14
Penang,Chicago,DHL,15,17,0.463244145483808,1,2
Taipei,LA,FedEx,19,18,0.14687451296882692,0,0
Taipei,Rotterdam,Maersk,19,35,0.35706613875330606,1,16
Penang,Rotterdam,Maersk,14,6,0.8576174997682786,0,0
Penang,Chicago,DHL,35,43,0.03795048626088149,1,8
Penang,LA,DHL,37,41,0.15087804682460448,1,4
Penang,Rotterdam,FedEx,21,18,0.12511615964948553,0,0
Shenzhen,LA,DHL,29,13,0.40307554270022805,0,0
Penang,LA,FedEx,26,14,0.9969869008908617,0,0
Taipei,Rotterdam,Maersk,23,11,0.17335793021138268,0,0
Taipei,LA,FedEx,23,32,0.14548264959926016,1,9
Shenzhen,Rotterdam,DHL,12,29,0.9150557297761545,1,17
Taipei,Rotterdam,Maersk,38,32,0.8820505169659657,0,0
Taipei,Rotterdam,FedEx,21,6,0.03224036999655444,0,0
Penang,LA,Maersk,29,21,0.751705960179315,0,0
Taipei,Rotterdam,FedEx,27,8,0.6554657014764296,0,0
Shenzhen,LA,DHL,21,17,0.767740809852709,0,0
Penang,Rotterdam,DHL,11,22,0.49450245479592214,1,11
Penang,Rotterdam,Maersk,11,7,0.9913792184482956,0,0
Shenzhen,Chicago,Maersk,36,41,0.04384701871096319,1,5
Penang,Chicago,Maersk,26,37,0.23437158640380573,1,11
Penang,Chicago,FedEx,19,28,0.3965459869736151,1,9
Shenzhen,LA,DHL,27,12,0.44977794156570317,0,0
Penang,LA,Maersk,31,39,0.9213674026995187,1,8
Shenzhen,Rotterdam,Maersk,28,6,0.5600043640772588,0,0
Shenzhen,Rotterdam,Maersk,35,37,0.04511099552039388,1,2
Taipei,Rotterdam,FedEx,30,16,0.40786296342566186,0,0
Taipei,Rotterdam,Maersk,10,26,0.4164904123690699,1,16
Penang,LA,Maersk,33,17,0.9654909384377848,0,0
Penang,Rotterdam,FedEx,38,14,0.5991970910211082,0,0
Shenzhen,Rotterdam,FedEx,13,21,0.6356510711589388,1,8
Penang,Chicago,Maersk,34,9,0.7132530312512708,0,0
Shenzhen,Rotterdam,Maersk,13,13,0.7700393156821232,0,0
Shenzhen,Rotterdam,FedEx,39,17,0.6350510702024892,0,0
Penang,Rotterdam,DHL,11,27,0.2371943511339355,1,16
Shenzhen,LA,FedEx,28,34,0.8740459143411642,1,6
Taipei,Chicago,DHL,30,8,0.7321198004106302,0,0
Penang,Rotterdam,Maersk,21,25,0.7418704850969559,1,4
Taipei,Rotterdam,Maersk,19,13,0.9965567392347492,0,0
Penang,Chicago,DHL,22,11,0.8025265348633159,0,0
Shenzhen,Rotterdam,FedEx,38,20,0.8291514031551532,0,0
Penang,LA,Maersk,39,27,0.9514055157101584,0,0
Taipei,Rotterdam,DHL,31,27,0.15113399984889386,0,0
Shenzhen,LA,FedEx,32,35,0.49772737647806786,1,3
Penang,LA,DHL,29,9,0.5805670235907876,0,0
Penang,Rotterdam,FedEx,32,10,0.3292757292224576,0,0
Penang,Chicago,FedEx,24,5,0.8394033438945055,0,0
Taipei,LA,FedEx,35,32,0.7624196216457234,0,0
Taipei,Chicago,FedEx,12,22,0.720883074508124,1,10
Penang,Rotterdam,DHL,32,28,0.9971494397581668,0,0
Shenzhen,LA,DHL,29,17,0.2593813734083905,0,0
Shenzhen,Rotterdam,DHL,38,37,0.7354572516754213,0,0
Taipei,Chicago,DHL,22,14,0.5514044749059006,0,0
Shenzhen,Rotterdam,DHL,17,11,0.3129891824938761,0,0
Taipei,Rotterdam,FedEx,34,41,0.16058687072312583,1,7
Penang,LA,Maersk,16,36,0.8958838370675472,1,20
Taipei,Rotterdam,Maersk,33,26,0.5954554827078453,0,0
Taipei,Rotterdam,DHL,17,20,0.8249338376407946,1,3
Penang,Rotterdam,DHL,27,28,0.5453449840015449,1,1
Shenzhen,LA,Maersk,18,18,0.21997708065401955,0,0
Taipei,Chicago,FedEx,15,15,0.33754881310032525,0,0
Taipei,Chicago,DHL,36,23,0.3815388424735465,0,0
Penang,Rotterdam,FedEx,13,27,0.9729348125037023,1,14
Shenzhen,LA,Maersk,24,38,0.0056332783813825005,1,14
Taipei,Rotterdam,Maersk,14,44,0.985666023024507,1,30
Penang,Chicago,DHL,35,17,0.9804616351098306,0,0
Taipei,LA,FedEx,14,43,0.9961507905301366,1,29
Penang,Chicago,DHL,16,32,0.4765881789196347,1,16
Shenzhen,Chicago,Maersk,39,44,0.9638089696209996,1,5
Shenzhen,LA,FedEx,18,20,0.39559918184982734,1,2
Shenzhen,LA,DHL,16,32,0.02629444066838671,1,16
Shenzhen,Rotterdam,DHL,18,8,0.22434718637176454,0,0
Taipei,Rotterdam,DHL,29,32,0.9452962449373846,1,3
Taipei,Chicago,Maersk,19,16,0.01376469333539998,0,0
Shenzhen,LA,DHL,39,20,0.545994135422975,0,0
Shenzhen,LA,FedEx,35,40,0.07560158889467905,1,5
Shenzhen,Rotterdam,DHL,13,24,0.2863965784275785,1,11
Taipei,Chicago,Maersk,15,30,0.08809285071188666,1,15
Shenzhen,Chicago,DHL,33,30,0.8595286211130564,0,0
Shenzhen,Rotterdam,Maersk,23,26,0.5910707096477058,1,3
Shenzhen,LA,Maersk,18,13,0.9021064657183129,0,0
Penang,Rotterdam,FedEx,10,9,0.6883531995402283,0,0
Shenzhen,Rotterdam,FedEx,26,21,0.9710291312450997,0,0
Penang,Rotterdam,DHL,22,38,0.5098776547604066,1,16
Penang,Rotterdam,Maersk,33,6,0.6387105817628745,0,0
Shenzhen,LA,Maersk,36,11,0.5763088198890566,0,0
Penang,Rotterdam,FedEx,16,40,0.48426042944661274,1,24
Shenzhen,LA,FedEx,18,17,0.8459593654230126,0,0
Taipei,Rotterdam,DHL,20,24,0.6445251356703602,1,4
Taipei,Chicago,Maersk,12,34,0.8013122648554728,1,22
Taipei,LA,FedEx,35,34,0.7863639366024132,0,0
Taipei,Chicago,DHL,21,15,0.1910451606552953,0,0
Penang,Rotterdam,Maersk,30,35,0.6501635325176437,1,5
Shenzhen,Rotterdam,Maersk,12,7,0.19964801918133412,0,0
Shenzhen,Rotterdam,FedEx,24,6,0.5833204782437709,0,0
Shenzhen,LA,DHL,30,7,0.6774346844463005,0,0
Taipei,Chicago,FedEx,19,19,0.9972350715875868,0,0
Taipei,LA,DHL,10,21,0.030541978149738358,1,11
Shenzhen,LA,Maersk,23,11,0.09124239411372093,0,0
Taipei,Rotterdam,DHL,36,9,0.0770266963712315,0,0
Shenzhen,Chicago,DHL,29,38,0.39836128626674006,1,9
Shenzhen,Rotterdam,DHL,15,37,0.8215883614858137,1,22
Shenzhen,LA,DHL,11,20,0.8440563327871357,1,9
Shenzhen,Rotterdam,DHL,38,41,0.7369795957211517,1,3
Shenzhen,Chicago,FedEx,32,7,0.8968782418299477,0,0
Shenzhen,Rotterdam,DHL,17,25,0.3228599441694525,1,8
Shenzhen,Chicago,DHL,10,12,0.08815464425229913,1,2
Taipei,Chicago,Maersk,38,26,0.058153027989850115,0,0
Shenzhen,Rotterdam,DHL,13,9,0.8521327196193863,0,0
Shenzhen,LA,Maersk,36,21,0.7304362943536913,0,0
Taipei,Rotterdam,FedEx,13,41,0.6986153060111209,1,28
Taipei,LA,FedEx,38,18,0.3396763385456688,0,0
Taipei,LA,DHL,14,43,0.3799051886182262,1,29
Shenzhen,Rotterdam,FedEx,39,32,0.9581135288993192,0,0
Penang,LA,DHL,37,35,0.06380474409793502,0,0
Penang,LA,FedEx,37,21,0.7737317369377926,0,0
Taipei,Rotterdam,DHL,29,39,0.30963332370839314,1,10
Penang,Rotterdam,DHL,18,44,0.039054618412556086,1,26
Taipei,Rotterdam,Maersk,32,26,0.742570110742456,0,0
Shenzhen,LA,Maersk,22,33,0.3309118856783746,1,11
Penang,Chicago,Maersk,27,14,0.7221475187427966,0,0
Shenzhen,LA,Maersk,26,22,0.7076543831181201,0,0
Penang,Chicago,DHL,34,39,0.5347868754331151,1,5
Shenzhen,Rotterdam,FedEx,10,20,0.7773731292105488,1,10
Penang,Chicago,DHL,31,11,0.5810383241712435,0,0
Shenzhen,Rotterdam,Maersk,24,34,0.2866368528482607,1,10
Shenzhen,Rotterdam,Maersk,11,23,0.734115301064419,1,12
Penang,Chicago,FedEx,25,27,0.5891398158777236,1,2
Shenzhen,Rotterdam,Maersk,29,12,0.012727281689920544,0,0
Shenzhen,Chicago,DHL,31,21,0.9016441777703094,0,0
Shenzhen,Rotterdam,DHL,14,25,0.5456436183243134,1,11
Penang,LA,DHL,36,30,0.8686272654795317,0,0
Penang,LA,DHL,31,32,0.8827368389822446,1,1
Shenzhen,Rotterdam,DHL,28,43,0.4449666567350885,1,15
Shenzhen,Rotterdam,FedEx,14,37,0.5076599964512309,1,23
Penang,Chicago,DHL,11,44,0.4157543876756019,1,33
Penang,LA,Maersk,16,23,0.4494367753080455,1,7
Shenzhen,Chicago,Maersk,12,33,0.8951471589717278,1,21
Shenzhen,Rotterdam,Maersk,26,24,0.788144013967911,0,0
Shenzhen,Rotterdam,Maersk,39,24,0.12652567631557798,0,0
Taipei,Chicago,FedEx,33,14,0.6103077815400959,0,0
Penang,Rotterdam,Maersk,33,16,0.9959066403863422,0,0
Taipei,LA,FedEx,12,37,0.5955507012324858,1,25
Penang,Chicago,Maersk,22,29,0.7858716255931055,1,7
Penang,LA,FedEx,16,29,0.7690614733811709,1,13
Penang,LA,FedEx,34,8,0.35031752587232856,0,0
Penang,LA,FedEx,33,8,0.3718493027039589,0,0
Penang,Chicago,Maersk,12,13,0.7240764217904032,1,1
Penang,Rotterdam,FedEx,24,19,0.4999835316048351,0,0
Penang,LA,DHL,38,30,0.570570709130388,0,0
Taipei,LA,DHL,27,19,0.7129057903648376,0,0
Shenzhen,LA,Maersk,38,30,0.7775750270390502,0,0
Shenzhen,Rotterdam,DHL,19,32,0.27151657773307136,1,13
Taipei,Rotterdam,DHL,32,11,0.14679375943696293,0,0
Taipei,Chicago,DHL,16,36,0.29179464672372524,1,20
Taipei,Rotterdam,Maersk,18,16,0.5075383250920755,0,0
Taipei,Chicago,Maersk,14,39,0.3421413172970391,1,25
Penang,Chicago,DHL,29,36,0.5683627588475938,1,7
Shenzhen,Chicago,Maersk,17,13,0.053465724125628444,0,0
Penang,Chicago,FedEx,23,18,0.5097504116137672,0,0
Shenzhen,Chicago,DHL,13,17,0.3679849069377079,1,4
Shenzhen,LA,Maersk,29,37,0.5346667548928824,1,8
Taipei,Rotterdam,Maersk,37,36,0.4225333548849768,0,0
Penang,LA,DHL,23,23,0.28422585063754247,0,0
Taipei,Chicago,Maersk,21,34,0.9041079054576358,1,13
Penang,Rotterdam,DHL,11,20,0.1847649884213569,1,9
Shenzhen,LA,Maersk,22,16,0.6813655755805597,0,0
Taipei,LA,FedEx,10,14,0.9246447125824141,1,4
Taipei,Chicago,DHL,29,6,0.5386699596854331,0,0
Shenzhen,LA,FedEx,16,22,0.8764084885794821,1,6
Shenzhen,LA,DHL,37,17,0.12485147843328437,0,0
Shenzhen,LA,Maersk,34,33,0.4937887702564081,0,0
Taipei,LA,FedEx,18,28,0.4570252804809394,1,10
Penang,LA,Maersk,37,42,0.008118807036994857,1,5
Taipei,Chicago,DHL,35,16,0.4432573413593345,0,0
Penang,Chicago,DHL,26,33,0.36902975638259783,1,7
Taipei,LA,DHL,30,26,0.6697987277746154,0,0
Taipei,Chicago,DHL,32,40,0.9383297785765186,1,8
Shenzhen,Chicago,DHL,22,5,0.08579108826203652,0,0
Penang,Rotterdam,FedEx,32,44,0.3274763867146231,1,12
Taipei,LA,DHL,19,38,0.4440647373942519,1,19
Taipei,Chicago,Maersk,25,38,0.4551853780343833,1,13
Shenzhen,Chicago,FedEx,15,37,0.7748097208422537,1,22
Shenzhen,LA,Maersk,25,8,0.4433956658334408,0,0
Penang,Rotterdam,DHL,20,42,0.027161301453653364,1,22
Taipei,LA,Maersk,35,34,0.7101040945928313,0,0
Penang,Rotterdam,FedEx,29,24,0.8848296951456717,0,0
Taipei,LA,FedEx,12,30,0.5139047125496728,1,18
Penang,LA,FedEx,37,19,0.5811085216985054,0,0
Shenzhen,LA,Maersk,38,11,0.16293643896904608,0,0
Taipei,LA,FedEx,18,11,0.22064594467895704,0,0
Penang,Rotterdam,Maersk,24,33,0.23517023912461177,1,9
Shenzhen,Rotterdam,DHL,37,27,0.4307419748812953,0,0
Shenzhen,Chicago,DHL,22,38,0.9281452208956421,1,16
Penang,LA,Maersk,19,24,0.521784766714886,1,5
Taipei,Rotterdam,FedEx,29,19,0.19209764520135264,0,0
Taipei,Rotterdam,Maersk,33,37,0.2660877358689496,1,4
Shenzhen,Rotterdam,Maersk,22,21,0.38401502972718426,0,0
Taipei,LA,Maersk,26,24,0.6232589756927994,0,0
Taipei,Chicago,DHL,16,17,0.44003315300400536,1,1
Taipei,Rotterdam,Maersk,37,28,0.39244484417692493,0,0
Shenzhen,LA,DHL,15,41,0.5647286003989948,1,26
Penang,Rotterdam,Maersk,22,11,0.24183499495446548,0,0
Taipei,Rotterdam,DHL,37,12,0.07890327258458218,0,0
Shenzhen,Chicago,Maersk,26,27,0.024414314822222116,1,1
Shenzhen,Rotterdam,Maersk,24,18,0.25125916346712707,0,0
Penang,Rotterdam,FedEx,13,8,0.0915920341444687,0,0
Taipei,LA,FedEx,37,25,0.3363406385207668,0,0
Taipei,LA,Maersk,24,14,0.7729335403597556,0,0
Penang,Chicago,Maersk,23,26,0.7162943304868383,1,3
Penang,LA,Maersk,30,34,0.6109276227880288,1,4
Shenzhen,LA,Maersk,20,34,0.8525002438794788,1,14
Shenzhen,Chicago,FedEx,33,20,0.2820676245442767,0,0
Penang,Rotterdam,DHL,13,15,0.8850537530299657,1,2
Taipei,Chicago,Maersk,12,26,0.39923916966917916,1,14
Shenzhen,LA,FedEx,11,33,0.40089331826662655,1,22
Shenzhen,Chicago,Maersk,29,29,0.4053516136255215,0,0
Taipei,Rotterdam,Maersk,36,18,0.09809436624098145,0,0
Shenzhen,Chicago,DHL,19,18,0.9754904983310557,0,0
Taipei,LA,Maersk,39,6,0.1385067778251592,0,0
Taipei,LA,Maersk,22,17,0.3408857244691845,0,0
Taipei,Chicago,DHL,29,7,0.31930032032675715,0,0
Penang,Rotterdam,DHL,38,34,0.07467943281670963,0,0
Penang,Chicago,DHL,35,22,0.15226013011187667,0,0
Penang,Rotterdam,DHL,30,40,0.044858336185385816,1,10
Taipei,Rotterdam,FedEx,38,25,0.29240449356051346,0,0
Taipei,Chicago,FedEx,32,23,0.8666569240289065,0,0
Penang,Rotterdam,FedEx,34,20,0.3394422057373845,0,0
Shenzhen,LA,Maersk,27,32,0.12369183206737921,1,5
Taipei,Chicago,DHL,30,8,0.645693868383918,0,0
Shenzhen,Rotterdam,DHL,25,19,0.9966009120549105,0,0
Shenzhen,LA,FedEx,20,5,0.23232378953192756,0,0
Taipei,Chicago,Maersk,19,20,0.27957100537056945,1,1
Taipei,LA,Maersk,18,24,0.9718470542807885,1,6
Shenzhen,LA,Maersk,21,37,0.17877628755048713,1,16
Shenzhen,LA,FedEx,39,21,0.5112140674591639,0,0
Penang,Rotterdam,Maersk,38,9,0.2396521330160949,0,0
Penang,Chicago,Maersk,28,9,0.9323518979012438,0,0
Taipei,Chicago,Maersk,10,43,0.981521014576294,1,33
Penang,Rotterdam,DHL,27,17,0.8146978461200154,0,0
Penang,Chicago,FedEx,23,40,0.31478381581281056,1,17
Penang,LA,DHL,31,34,0.403487475280505,1,3
Penang,Chicago,DHL,30,8,0.24230568366642136,0,0
Shenzhen,Rotterdam,FedEx,10,27,0.8907579670089915,1,17
Taipei,LA,DHL,26,25,0.9145582776881581,0,0
Penang,Rotterdam,Maersk,20,25,0.4188706622460472,1,5
Shenzhen,LA,Maersk,29,10,0.6565330699030019,0,0
Shenzhen,LA,Maersk,37,28,0.16555317977469386,0,0
Shenzhen,Chicago,Maersk,24,35,0.434935900363409,1,11
Penang,LA,FedEx,13,23,0.6314991066734976,1,10
Penang,Rotterdam,DHL,24,42,0.38540311851801956,1,18
Taipei,Chicago,DHL,31,16,0.3575995256864599,0,0
Penang,Rotterdam,Maersk,31,18,0.0009989922669426665,0,0
Penang,LA,Maersk,35,16,0.8042934637771141,0,0
Shenzhen,Rotterdam,DHL,23,19,0.8893376120214482,0,0
Taipei,Rotterdam,FedEx,31,23,0.9694635295458321,0,0
Penang,LA,DHL,10,32,0.7192713850692155,1,22
Penang,Chicago,Maersk,35,44,0.5487923123698846,1,9
Shenzhen,Rotterdam,Maersk,18,9,0.2692845198087094,0,0
Shenzhen,LA,FedEx,36,9,0.9992994759634984,0,0
Penang,Chicago,DHL,16,10,0.5897528545321056,0,0
Taipei,Chicago,FedEx,32,27,0.6811540723304462,0,0
Taipei,Chicago,FedEx,20,7,0.6824061619553177,0,0
Shenzhen,Rotterdam,Maersk,32,41,0.8452517957571815,1,9
Shenzhen,Rotterdam,DHL,11,37,0.00967253884691921,1,26
Penang,Rotterdam,Maersk,11,25,0.22024694043137183,1,14
Shenzhen,Chicago,DHL,15,24,0.665534000170014,1,9
Penang,Rotterdam,Maersk,32,5,0.8951457368245678,0,0
Taipei,LA,Maersk,28,43,0.6853387819213562,1,15
Taipei,Rotterdam,DHL,38,21,0.41349129149368014,0,0
Penang,Rotterdam,DHL,29,33,0.3615554958702616,1,4
Shenzhen,Chicago,Maersk,23,12,0.7379480082833204,0,0
Taipei,Rotterdam,DHL,37,30,0.7412376971371935,0,0
Shenzhen,LA,Maersk,12,32,0.6070579925056904,1,20
Taipei,Chicago,DHL,16,38,0.29146702409733705,1,22
Penang,LA,Maersk,16,30,0.9251548183905436,1,14
Penang,Chicago,Maersk,13,17,0.5518799421186391,1,4
Penang,Chicago,Maersk,38,41,0.7904923562483306,1,3
Taipei,Rotterdam,FedEx,32,17,0.21430826216183163,0,0
Shenzhen,LA,DHL,14,42,0.34404078861472787,1,28
Shenzhen,Chicago,Maersk,26,29,0.8745795163873424,1,3
Shenzhen,Rotterdam,FedEx,35,27,0.050107029939968406,0,0
Taipei,Chicago,Maersk,13,26,0.5123153112566621,1,13
Taipei,Chicago,FedEx,32,25,0.481705479844009,0,0
Taipei,Chicago,Maersk,22,34,0.7512301889080821,1,12
Taipei,Chicago,Maersk,25,15,0.2818937705993324,0,0
Taipei,Chicago,FedEx,25,8,0.21906682185959947,0,0
Shenzhen,Chicago,FedEx,11,37,0.9261328387732337,1,26
Taipei,Rotterdam,DHL,27,16,0.5717096519584648,0,0
Taipei,Chicago,DHL,10,13,0.1046895682836545,1,3
Shenzhen,LA,FedEx,27,36,0.19303616221432107,1,9
Taipei,Rotterdam,DHL,35,15,0.9988260595142483,0,0
Shenzhen,LA,FedEx,39,41,0.1956089962521924,1,2
Shenzhen,Chicago,DHL,17,28,0.6104755113536787,1,11
Penang,LA,Maersk,20,11,0.4201280789956181,0,0
Penang,Chicago,DHL,33,12,0.8855990948498353,0,0
Penang,Chicago,Maersk,33,37,0.7551685922953277,1,4
Penang,Rotterdam,Maersk,24,29,0.5969513962618158,1,5
Taipei,Rotterdam,DHL,25,5,0.010738981797982494,0,0
Penang,Chicago,FedEx,26,7,0.8797952074934596,0,0
Shenzhen,Rotterdam,Maersk,26,44,0.44466747083871627,1,18
Taipei,LA,Maersk,21,32,0.9315776530185765,1,11
Penang,Rotterdam,DHL,19,37,0.4955390128542012,1,18
Shenzhen,Rotterdam,FedEx,29,5,0.6942244891827255,0,0
Taipei,LA,FedEx,15,42,0.06929264946664215,1,27
Taipei,Rotterdam,DHL,17,31,0.7451516535267858,1,14
Penang,Chicago,FedEx,22,42,0.3379960313119229,1,20
Taipei,LA,DHL,11,39,0.35135901433178085,1,28
Shenzhen,Chicago,DHL,38,14,0.11865584470938995,0,0
Taipei,LA,DHL,28,16,0.14685714864020227,0,0
Shenzhen,Chicago,Maersk,31,14,0.18575905620621014,0,0
Taipei,Chicago,Maersk,19,38,0.3282061685714224,1,19
Penang,Rotterdam,Maersk,13,28,0.8919699127756054,1,15
Shenzhen,Chicago,DHL,21,32,0.36826023823008047,1,11
Taipei,Rotterdam,Maersk,27,26,0.7243627065632184,0,0
Taipei,LA,Maersk,16,20,0.0827475038898714,1,4
Taipei,Chicago,Maersk,29,17,0.5910987992719926,0,0
Shenzhen,Chicago,DHL,33,40,0.48189123127043954,1,7
Shenzhen,LA,DHL,33,40,0.9779579469545046,1,7
Shenzhen,LA,DHL,32,27,0.846207769878963,0,0
Penang,Chicago,Maersk,35,18,0.45482977243864975,0,0
Penang,LA,FedEx,34,36,0.7751427640453388,1,2
Shenzhen,Rotterdam,Maersk,13,7,0.19303874129377752,0,0
Taipei,LA,Maersk,16,31,0.5623363273917781,1,15
Penang,LA,DHL,19,23,0.07461905556870818,1,4
Shenzhen,Chicago,DHL,35,26,0.3480890322516831,0,0
Taipei,Rotterdam,Maersk,24,5,0.2258621816221703,0,0
Penang,LA,Maersk,21,9,0.7189098153252109,0,0
Taipei,Rotterdam,FedEx,10,37,0.49009069121436144,1,27
Taipei,Rotterdam,FedEx,29,23,0.7510704788480105,0,0
Taipei,Rotterdam,DHL,27,40,0.5152954376314456,1,13
Taipei,Chicago,FedEx,34,10,0.08648444215163853,0,0
Penang,LA,FedEx,25,19,0.7353676497325268,0,0
Penang,Chicago,DHL,14,40,0.8332292639878056,1,26
Penang,LA,FedEx,28,37,0.9035312259127926,1,9
Shenzhen,LA,Maersk,13,28,0.5719919453067082,1,15
Penang,Chicago,FedEx,15,31,0.7535853589994951,1,16
Taipei,Rotterdam,DHL,35,15,0.7520443368826271,0,0
Penang,Rotterdam,Maersk,26,27,0.15574975979894434,1,1
Taipei,LA,FedEx,16,37,0.16422068745957075,1,21
Shenzhen,Chicago,Maersk,33,33,0.07088550580912611,0,0
Taipei,Rotterdam,Maersk,32,35,0.31991363514030147,1,3
Taipei,Rotterdam,FedEx,16,5,0.4735085877410645,0,0
Taipei,LA,FedEx,18,38,0.9978978527542169,1,20
Shenzhen,LA,DHL,22,22,0.4309933420681695,0,0
Penang,Chicago,DHL,29,22,0.7262425885073709,0,0
Penang,LA,Maersk,23,10,0.6933970262725346,0,0
Shenzhen,Rotterdam,DHL,25,44,0.20448195025057958,1,19
Taipei,Rotterdam,Maersk,32,5,0.05850715144943641,0,0
Penang,Rotterdam,Maersk,18,34,0.5460067515335875,1,16
Shenzhen,Rotterdam,DHL,24,8,0.7003055923144761,0,0
Penang,Chicago,DHL,14,36,0.998251790186256,1,22
Shenzhen,Chicago,DHL,27,14,0.35861105228117074,0,0
Taipei,LA,FedEx,30,9,0.8963645620810967,0,0
Penang,LA,Maersk,29,13,0.38193245586918645,0,0
Shenzhen,LA,Maersk,17,9,0.6894117084305128,0,0
Penang,Chicago,Maersk,24,15,0.598252930517052,0,0
Penang,Rotterdam,DHL,30,39,0.052978793302596916,1,9
Penang,LA,DHL,34,31,0.0783884269702585,0,0
Penang,Rotterdam,DHL,18,8,0.020764089724460977,0,0
Shenzhen,LA,DHL,28,14,0.3708340845939895,0,0
Taipei,LA,DHL,38,43,0.7458010487660107,1,5
Shenzhen,LA,FedEx,35,37,0.1727553939907227,1,2
Shenzhen,LA,DHL,31,42,0.6058529683838958,1,11
Shenzhen,LA,Maersk,15,12,0.2888277800310779,0,0
Taipei,Rotterdam,DHL,13,28,0.7969926239790721,1,15
Penang,LA,Maersk,20,43,0.7983961490029909,1,23
Penang,Rotterdam,DHL,38,37,0.7754145149664236,0,0
Penang,Chicago,DHL,19,23,0.5248335138013768,1,4
Taipei,LA,Maersk,12,6,0.2845667100798517,0,0
Penang,Rotterdam,Maersk,10,15,0.8094440438786346,1,5
Taipei,Chicago,Maersk,21,39,0.18610056193924152,1,18
Penang,Chicago,Maersk,32,21,0.289759602028656,0,0
Penang,Chicago,FedEx,24,7,0.18394770616062162,0,0
Shenzhen,Rotterdam,Maersk,24,26,0.6742101603876477,1,2
Taipei,LA,DHL,30,39,0.6862360281158181,1,9
Shenzhen,LA,DHL,23,25,0.652509992786753,1,2
Shenzhen,Rotterdam,FedEx,35,29,0.4156014668646678,0,0
Shenzhen,LA,Maersk,16,43,0.10017100720143324,1,27
Taipei,Rotterdam,DHL,26,6,0.9111695845150212,0,0
Taipei,LA,FedEx,33,5,0.5077309640122382,0,0
Penang,Chicago,DHL,28,11,0.4069721949110915,0,0
Shenzhen,LA,FedEx,16,24,0.5888248932482932,1,8
Penang,Rotterdam,FedEx,37,10,0.19279043581910582,0,0
Shenzhen,Rotterdam,Maersk,12,40,0.1325487791048744,1,28
Taipei,Chicago,FedEx,39,25,0.40552522145794356,0,0
Taipei,Rotterdam,DHL,12,39,0.22722069409991053,1,27
Taipei,LA,DHL,35,40,0.24429029453716455,1,5
Shenzhen,LA,Maersk,34,12,0.8925114877785294,0,0
Taipei,Chicago,Maersk,38,8,0.5307591771858249,0,0
Shenzhen,Rotterdam,FedEx,27,20,0.4834690643233511,0,0
Penang,Chicago,Maersk,39,7,0.6894795937285974,0,0
Shenzhen,LA,DHL,29,11,0.9515481136767396,0,0
Penang,Chicago,DHL,31,6,0.11219856447056409,0,0
Shenzhen,Rotterdam,Maersk,23,5,0.8335345671092572,0,0
Penang,Chicago,Maersk,12,5,0.5840191798678459,0,0
Taipei,Rotterdam,Maersk,37,42,0.14616535381183726,1,5
Penang,Rotterdam,FedEx,35,11,0.29714931868899164,0,0
Taipei,LA,FedEx,39,28,0.4823614164647395,0,0
Taipei,LA,DHL,35,9,0.691177144577423,0,0
Penang,LA,FedEx,16,25,0.24260701695345221,1,9
Shenzhen,Rotterdam,FedEx,16,32,0.5348788154675899,1,16
Shenzhen,Chicago,FedEx,14,22,0.6846716274158617,1,8
Shenzhen,Rotterdam,FedEx,12,28,0.4487407508475062,1,16
Shenzhen,LA,DHL,27,36,0.8630259611201758,1,9
Shenzhen,LA,Maersk,24,37,0.8694591028404044,1,13
Taipei,Chicago,DHL,29,14,0.47069121764044575,0,0
Shenzhen,LA,FedEx,23,13,0.9729257104088996,0,0
Taipei,LA,Maersk,38,37,0.07558509240544731,0,0
Taipei,LA,Maersk,13,37,0.003362378322936621,1,24
Taipei,Chicago,Maersk,36,11,0.38066826380391905,0,0
Penang,Rotterdam,DHL,33,8,0.6010970613725093,0,0
Penang,LA,Maersk,17,32,0.6292001574496608,1,15
Taipei,Chicago,DHL,38,27,0.4764457362938286,0,0
Penang,LA,DHL,30,36,0.12488331324064617,1,6
Shenzhen,Chicago,FedEx,22,20,0.17049752178789424,0,0
Shenzhen,LA,FedEx,31,14,0.8521479838520092,0,0
Taipei,Chicago,Maersk,17,18,0.8679111317392613,1,1
Shenzhen,LA,Maersk,24,43,0.6738985378607202,1,19
Taipei,Rotterdam,FedEx,26,40,0.6642179722788824,1,14
Taipei,LA,DHL,14,38,0.5976821280278075,1,24
Shenzhen,Chicago,DHL,29,28,0.20292588570198822,0,0
Penang,LA,FedEx,13,22,0.4282507002599032,1,9
Shenzhen,Rotterdam,DHL,20,20,0.6958946514633787,0,0
Shenzhen,LA,FedEx,27,41,0.5372522720033387,1,14
Taipei,Chicago,FedEx,19,29,0.01858033405509918,1,10
Taipei,Chicago,Maersk,26,12,0.9535568067200983,0,0
Taipei,Rotterdam,Maersk,39,28,0.8448160525721434,0,0
Taipei,Chicago,FedEx,24,24,0.26054501410973785,0,0
Penang,LA,Maersk,15,34,0.6164589351662961,1,19
Penang,LA,FedEx,32,24,0.9232393837281877,0,0
Penang,LA,DHL,30,22,0.09601101211365137,0,0
Taipei,Chicago,DHL,25,8,0.5030294807967006,0,0
Taipei,LA,DHL,24,40,0.4562430258462945,1,16
Taipei,LA,DHL,17,10,0.4102050052835323,0,0
Penang,LA,FedEx,18,7,0.835588608892925,0,0
Taipei,Rotterdam,DHL,20,22,0.38064614669745733,1,2
Shenzhen,Chicago,DHL,36,44,0.06366333324100759,1,8
Shenzhen,Chicago,DHL,11,22,0.06583774216430249,1,11
Taipei,Chicago,DHL,36,27,0.042744606524608986,0,0
Shenzhen,Rotterdam,FedEx,22,39,0.40914542187403724,1,17
Shenzhen,Chicago,DHL,13,10,0.71840627769836,0,0
Penang,Rotterdam,Maersk,36,30,0.20372246193051546,0,0
Taipei,Rotterdam,Maersk,18,25,0.6464685204315495,1,7
Taipei,Chicago,Maersk,14,28,0.6870884721037042,1,14
Penang,LA,Maersk,28,19,0.25520212401559794,0,0
Shenzhen,LA,Maersk,31,31,0.6005576560606293,0,0
Shenzhen,Chicago,Maersk,12,36,0.6848683400268474,1,24
Taipei,Chicago,FedEx,39,16,0.4666136228021257,0,0
Shenzhen,Rotterdam,Maersk,30,9,0.33671659728009506,0,0
Penang,Chicago,DHL,12,11,0.6191515515743273,0,0
Penang,Rotterdam,Maersk,15,26,0.9778470873280569,1,11
Taipei,Chicago,FedEx,37,31,0.4268414093689781,0,0
Penang,LA,Maersk,19,19,0.39173509628512104,0,0
Penang,LA,DHL,14,43,0.46426690242611335,1,29
Taipei,Chicago,DHL,39,39,0.07621839344504822,0,0
Penang,Rotterdam,FedEx,34,30,0.55316327967139,0,0
Penang,LA,FedEx,12,27,0.3286973872172636,1,15
Penang,Rotterdam,FedEx,31,17,0.12142212233126248,0,0
Shenzhen,Chicago,FedEx,33,30,0.46625674111737336,0,0
Taipei,Chicago,Maersk,16,7,0.0033839865739774266,0,0
Taipei,LA,Maersk,31,33,0.40178524516275893,1,2
Taipei,Chicago,DHL,39,6,0.1057352679264505,0,0
Shenzhen,LA,FedEx,27,32,0.02429270339978029,1,5
Shenzhen,Rotterdam,FedEx,32,27,0.8244750462445021,0,0
Taipei,LA,Maersk,17,40,0.9162488032826348,1,23
Shenzhen,LA,FedEx,10,10,0.20767464835910665,0,0
Taipei,Rotterdam,DHL,34,15,0.5392982638342613,0,0
Shenzhen,LA,DHL,13,42,0.27795815713098493,1,29
Penang,LA,FedEx,33,38,0.4935774386721822,1,5
Penang,Chicago,DHL,35,21,0.43663132089416024,0,0
Taipei,Rotterdam,DHL,16,7,0.26905105508048566,0,0
Shenzhen,LA,Maersk,23,38,0.7003935796352977,1,15
Shenzhen,Rotterdam,DHL,22,26,0.12649095932025423,1,4
Penang,Rotterdam,FedEx,19,33,0.05307278217136713,1,14
Penang,LA,FedEx,32,33,0.7676754330372791,1,1
Shenzhen,Chicago,DHL,27,9,0.6659300312206798,0,0
Shenzhen,Rotterdam,FedEx,10,14,0.49852612414639796,1,4
Shenzhen,LA,Maersk,13,14,0.46778977047254156,1,1
Shenzhen,Rotterdam,DHL,37,13,0.4974113794914262,0,0
Shenzhen,Chicago,DHL,25,25,0.4370240760986729,0,0
Shenzhen,Chicago,DHL,25,17,0.39289229583117913,0,0
Taipei,Chicago,FedEx,27,14,0.4996906028861203,0,0
Shenzhen,LA,FedEx,17,42,0.5285151711597604,1,25
Penang,LA,DHL,19,15,0.6919023140836209,0,0
Taipei,Chicago,FedEx,25,8,0.7112071607340226,0,0
Shenzhen,LA,FedEx,32,35,0.3776290801401446,1,3
Penang,Chicago,DHL,33,38,0.41354052274348874,1,5
Taipei,LA,DHL,20,39,0.373697169736223,1,19
Penang,Chicago,FedEx,15,43,0.5365357736257104,1,28
Shenzhen,Rotterdam,DHL,10,43,0.4533535379141953,1,33
Shenzhen,Chicago,DHL,39,37,0.8895964631361936,0,0
Shenzhen,Chicago,DHL,38,12,0.6963612669164726,0,0
Shenzhen,LA,DHL,38,36,0.8986563837544456,0,0
Taipei,LA,FedEx,21,37,0.7091369915594256,1,16
Taipei,LA,DHL,34,12,0.9709921485238141,0,0
Penang,LA,Maersk,15,18,0.6357367782552691,1,3
Shenzhen,LA,DHL,37,38,0.9635501381630547,1,1
Penang,LA,Maersk,22,12,0.15816989040942608,0,0
Taipei,Rotterdam,DHL,35,11,0.05247768082940385,0,0
Shenzhen,Chicago,Maersk,26,17,0.5791251852038592,0,0
Shenzhen,Chicago,Maersk,10,25,0.9834932057997748,1,15
Taipei,Chicago,DHL,17,36,0.4176052473023968,1,19
Taipei,Rotterdam,DHL,31,15,0.2120433621929596,0,0
Taipei,Chicago,DHL,17,18,0.521541449193514,1,1
Taipei,Rotterdam,Maersk,33,15,0.6487986245788886,0,0
Taipei,Rotterdam,FedEx,20,6,0.31517869551588895,0,0
Shenzhen,Rotterdam,FedEx,23,38,0.7147693584992595,1,15
Taipei,Chicago,DHL,33,21,0.9751145070457258,0,0
Shenzhen,Rotterdam,FedEx,19,18,0.8969631217106169,0,0
Shenzhen,Chicago,FedEx,24,29,0.29158537351219527,1,5
Taipei,Chicago,DHL,16,31,0.3267236831445983,1,15
Taipei,LA,Maersk,16,12,0.3715412244495886,0,0
Shenzhen,LA,DHL,19,21,0.39455277839364533,1,2
Taipei,Rotterdam,FedEx,13,9,0.10031949919327943,0,0
Taipei,Rotterdam,Maersk,34,16,0.7619628388892893,0,0
Taipei,Chicago,FedEx,37,42,0.36533926361070046,1,5
Penang,Rotterdam,Maersk,27,22,0.8798199767054522,0,0
Shenzhen,Rotterdam,FedEx,36,30,0.9269406231201087,0,0
Penang,Chicago,DHL,34,35,0.02443130930768811,1,1
Taipei,Rotterdam,FedEx,19,41,0.9885030699282062,1,22
Penang,Rotterdam,FedEx,28,10,0.7100227315001846,0,0
Taipei,Chicago,Maersk,23,19,0.5203922259929623,0,0
Penang,Chicago,FedEx,22,30,0.3895276083725533,1,8
Taipei,LA,DHL,24,16,0.5185181326097129,0,0
Penang,Chicago,DHL,25,18,0.32462472397844444,0,0
Penang,LA,DHL,11,5,0.6226878136965482,0,0
Penang,Rotterdam,Maersk,38,21,0.09298027644479123,0,0
Shenzhen,Chicago,Maersk,13,37,0.6211226029118102,1,24
Penang,Chicago,FedEx,30,33,0.2753448501384441,1,3
Shenzhen,Chicago,FedEx,27,35,0.017634829052346368,1,8
Taipei,Rotterdam,FedEx,38,12,0.5527057661628776,0,0
Penang,LA,Maersk,26,34,0.5784477558526964,1,8
Taipei,Rotterdam,Maersk,19,17,0.426569004711536,0,0
Taipei,Rotterdam,FedEx,36,20,0.07228623255031685,0,0
Penang,Chicago,Maersk,30,6,0.8933429528041915,0,0
Shenzhen,LA,Maersk,18,22,0.6114308072278889,1,4
Penang,Rotterdam,DHL,24,39,0.11571329956896959,1,15
Taipei,Chicago,DHL,37,23,0.5109305765941476,0,0
Taipei,Rotterdam,FedEx,21,17,0.49725431594847147,0,0
Penang,Rotterdam,FedEx,30,8,0.06040186879292697,0,0
Shenzhen,Chicago,DHL,37,23,0.6068597036029475,0,0
Shenzhen,Chicago,Maersk,36,29,0.8083263989215644,0,0
Taipei,LA,FedEx,35,42,0.7490080542484782,1,7
Taipei,Rotterdam,FedEx,18,35,0.20296941416418335,1,17
Shenzhen,Chicago,FedEx,23,40,0.8622925295542114,1,17
Penang,Chicago,Maersk,22,8,0.3425421656593509,0,0
Taipei,LA,DHL,37,43,0.9465083782919413,1,6
Shenzhen,LA,FedEx,35,11,0.07174796422571372,0,0
Taipei,Chicago,DHL,15,20,0.48620868851984267,1,5
Penang,LA,DHL,28,9,0.5971243771775492,0,0
Shenzhen,Chicago,Maersk,13,27,0.24765009847460473,1,14
Taipei,Rotterdam,Maersk,29,40,0.7713801887202277,1,11
Penang,LA,Maersk,26,36,0.626895679810717,1,10
Taipei,Rotterdam,Maersk,28,28,0.018109437287955554,0,0
Penang,Rotterdam,Maersk,12,29,0.6083685906962358,1,17
Penang,Rotterdam,Maersk,38,32,0.4914782344184464,0,0
Shenzhen,Chicago,FedEx,23,23,0.19602920170350768,0,0
Penang,Rotterdam,DHL,26,11,0.9957482270595296,0,0
Taipei,Rotterdam,Maersk,22,21,0.897162194827615,0,0
Penang,Rotterdam,FedEx,18,6,0.2925076950290635,0,0
Penang,Chicago,DHL,36,20,0.5410709207986163,0,0
Shenzhen,Rotterdam,Maersk,10,43,0.31650213991029075,1,33
Penang,Rotterdam,Maersk,34,22,0.7754957516360781,0,0
Penang,LA,FedEx,26,43,0.9303314331964551,1,17
Taipei,Chicago,DHL,25,5,0.35882860691438356,0,0
Shenzhen,Rotterdam,Maersk,27,7,0.8055842491436275,0,0
Shenzhen,LA,DHL,11,25,0.49840754271320487,1,14
Shenzhen,Chicago,FedEx,23,34,0.3965785613115773,1,11
Penang,Chicago,Maersk,31,15,0.9384218520987698,0,0
Shenzhen,Chicago,DHL,32,26,0.5104046887190314,0,0
Penang,Chicago,FedEx,36,29,0.4674105002574649,0,0
Penang,Chicago,FedEx,26,7,0.672434401962343,0,0
Taipei,Chicago,Maersk,12,34,0.26123420101828443,1,22
Taipei,Rotterdam,DHL,11,28,0.32479287078831576,1,17
Taipei,Rotterdam,Maersk,17,40,0.9320458362386227,1,23
Taipei,Rotterdam,Maersk,34,27,0.6785298454369424,0,0
Taipei,Rotterdam,DHL,38,12,0.8266371477710056,0,0
Penang,LA,DHL,11,8,0.27111176193542963,0,0
Penang,Rotterdam,DHL,11,43,0.543790189929872,1,32
Shenzhen,Chicago,FedEx,35,35,0.9713962669894982,0,0
Penang,Rotterdam,FedEx,18,33,0.3187038990282176,1,15
Penang,Rotterdam,DHL,39,40,0.16047647631704187,1,1
Taipei,Chicago,FedEx,29,17,0.510886008224664,0,0
Penang,Rotterdam,Maersk,30,13,0.3878210887248762,0,0
Taipei,Rotterdam,DHL,38,25,0.15957723278671354,0,0
Shenzhen,Rotterdam,Maersk,36,7,0.888551382703368,0,0
Shenzhen,LA,DHL,34,29,0.9907239105537778,0,0
Penang,Rotterdam,Maersk,15,29,0.5685821806899978,1,14
Shenzhen,Chicago,DHL,35,16,0.774676768373454,0,0
Penang,Chicago,Maersk,21,33,0.8590383695462995,1,12
Shenzhen,Rotterdam,DHL,34,15,0.7009820060218269,0,0
Taipei,Rotterdam,DHL,18,15,0.04415604911173121,0,0
Taipei,Rotterdam,FedEx,16,30,0.15763423171681779,1,14
Taipei,Chicago,Maersk,39,18,0.07098919115138647,0,0
Taipei,Chicago,FedEx,21,20,0.00987960664205656,0,0
Penang,LA,Maersk,35,14,0.30599640875723655,0,0
Shenzhen,LA,FedEx,34,35,0.39235596048155974,1,1
Penang,LA,DHL,14,35,0.24102973233592573,1,21
Taipei,Chicago,FedEx,25,40,0.06460464808632094,1,15
Penang,LA,FedEx,14,14,0.5298630908366776,0,0
Shenzhen,Rotterdam,DHL,21,30,0.27331931995714165,1,9
Penang,Rotterdam,FedEx,33,24,0.7960371548635623,0,0
Shenzhen,Chicago,DHL,35,13,0.008052621625281198,0,0
Penang,LA,Maersk,29,19,0.8425270512876103,0,0
Shenzhen,Rotterdam,FedEx,18,13,0.954753678945957,0,0
Shenzhen,Chicago,DHL,32,11,0.7161350631535696,0,0
Taipei,LA,DHL,16,30,0.7336440652625665,1,14
Shenzhen,Rotterdam,FedEx,38,28,0.9335623116027332,0,0
Taipei,LA,Maersk,28,16,0.20907128530034913,0,0
Taipei,Chicago,FedEx,29,24,0.9945655682085767,0,0
Taipei,LA,DHL,32,18,0.7734812033785419,0,0
Penang,Chicago,Maersk,20,26,0.7265707083277937,1,6
Penang,LA,FedEx,36,20,0.36109057899529273,0,0
Penang,Rotterdam,DHL,39,33,0.5457774854056106,0,0
Penang,Chicago,FedEx,30,36,0.653917788273347,1,6
Shenzhen,Chicago,Maersk,21,23,0.6203428613172159,1,2
Shenzhen,Chicago,Maersk,12,39,0.7049846384775807,1,27
Penang,LA,Maersk,26,36,0.08238173907841062,1,10
Shenzhen,LA,Maersk,16,24,0.3556484328316968,1,8
Shenzhen,Rotterdam,Maersk,31,44,0.43400001659547716,1,13
Taipei,Chicago,FedEx,19,24,0.26062929787496647,1,5
Taipei,Chicago,Maersk,32,12,0.17262727026922375,0,0
Taipei,LA,Maersk,24,39,0.1389274799128628,1,15
Taipei,LA,DHL,39,17,0.3663833922565851,0,0
Shenzhen,Rotterdam,Maersk,11,10,0.49344170056256587,0,0
Penang,Rotterdam,DHL,22,20,0.0629764401466607,0,0
Shenzhen,LA,DHL,37,9,0.9464580945905495,0,0
Shenzhen,Chicago,DHL,13,38,0.7652433228607584,1,25
Shenzhen,Rotterdam,FedEx,27,10,0.7308517731854666,0,0
Taipei,LA,FedEx,33,37,0.17286052498872695,1,4
Taipei,LA,DHL,32,19,0.603800768012189,0,0
Taipei,Chicago,FedEx,10,19,0.5297249468086674,1,9
Penang,LA,Maersk,11,18,0.9824688457866938,1,7
Shenzhen,LA,FedEx,11,43,0.747671770080158,1,32
Penang,Rotterdam,Maersk,13,9,0.5757618837162312,0,0
Taipei,LA,Maersk,12,30,0.8508126664701222,1,18
Penang,LA,FedEx,26,21,0.15509427086070948,0,0
Shenzhen,Rotterdam,FedEx,37,20,0.015216529690977199,0,0
Shenzhen,Chicago,DHL,23,39,0.6902333334145232,1,16
Taipei,Chicago,FedEx,11,42,0.09831146023723747,1,31
Taipei,Rotterdam,FedEx,25,27,0.1154336399835092,1,2
Penang,Rotterdam,FedEx,20,17,0.7446807264245305,0,0
Taipei,Chicago,Maersk,34,37,0.2705348441339891,1,3
Taipei,Chicago,Maersk,22,33,0.6286312155688929,1,11
Shenzhen,Chicago,Maersk,10,38,0.9174069260927484,1,28
Taipei,Chicago,DHL,34,38,0.3164745316378583,1,4
Taipei,Chicago,DHL,32,31,0.2171441578399188,0,0
Shenzhen,Rotterdam,DHL,11,19,0.10656288374105172,1,8
Shenzhen,LA,Maersk,11,13,0.13046236141972611,1,2
Penang,Chicago,FedEx,30,30,0.06222269537884273,0,0
Taipei,Chicago,DHL,38,7,0.08764237882974013,0,0
Shenzhen,LA,DHL,14,40,0.43200458880915393,1,26
Penang,LA,Maersk,13,9,0.32086504502396973,0,0
Penang,LA,DHL,21,24,0.706560814322998,1,3
Taipei,LA,FedEx,35,24,0.8702416582470018,0,0
Taipei,LA,Maersk,35,9,0.7847732031423843,0,0
Penang,LA,Maersk,38,14,0.5306372566656522,0,0
Shenzhen,Rotterdam,FedEx,37,20,0.10244211623265342,0,0
Penang,LA,FedEx,12,29,0.7097672839415535,1,17
Taipei,LA,FedEx,29,29,0.36282872472687355,0,0
Shenzhen,Rotterdam,DHL,19,34,0.08565039391541018,1,15
Shenzhen,LA,FedEx,29,18,0.8424664072126257,0,0
Penang,Chicago,Maersk,27,26,0.33821651718250556,0,0
Taipei,Chicago,FedEx,30,32,0.21824883251157134,1,2
Penang,LA,Maersk,30,34,0.8714520646188432,1,4
Penang,Rotterdam,Maersk,30,23,0.9021338684470049,0,0
Penang,Chicago,DHL,36,42,0.33897083719155985,1,6
Shenzhen,Rotterdam,FedEx,36,24,0.35480141928137343,0,0
Shenzhen,Chicago,DHL,19,39,0.5796285275831441,1,20
Taipei,LA,FedEx,10,26,0.7334414938106582,1,16
Taipei,Rotterdam,FedEx,15,19,0.06314920190686346,1,4
Penang,Rotterdam,FedEx,20,15,0.5933436571884717,0,0
Penang,Rotterdam,FedEx,11,38,0.9528200617835816,1,27
Penang,Chicago,FedEx,16,28,0.2620938971799537,1,12
Taipei,Chicago,Maersk,29,10,0.9088272140969338,0,0
Shenzhen,Chicago,Maersk,30,21,0.9501683407630936,0,0
Shenzhen,LA,FedEx,30,32,0.26915364097108974,1,2
Penang,Chicago,Maersk,30,35,0.7542018658853505,1,5
Penang,LA,DHL,27,40,0.23877500831956,1,13
Penang,Rotterdam,DHL,30,13,0.7376111617321327,0,0
Penang,Rotterdam,DHL,28,14,0.7974199712888259,0,0
Taipei,LA,FedEx,13,25,0.24720570371064943,1,12
Shenzhen,Chicago,FedEx,22,38,0.715869543583235,1,16
Penang,LA,Maersk,27,35,0.8121045388640898,1,8
Taipei,Rotterdam,Maersk,29,33,0.35857887210691175,1,4
Penang,Rotterdam,Maersk,38,15,0.16770277598972694,0,0
Penang,LA,DHL,34,37,0.09196456731751357,1,3
Shenzhen,Chicago,DHL,33,5,0.5753817036099419,0,0
Penang,Chicago,DHL,22,25,0.9780981193157132,1,3
Shenzhen,LA,DHL,39,27,0.8229503200222161,0,0
Shenzhen,LA,Maersk,36,13,0.4358396389345528,0,0
Shenzhen,Chicago,FedEx,37,5,0.5366209028549586,0,0
Taipei,Rotterdam,FedEx,28,25,0.27952788541181894,0,0
Taipei,LA,DHL,26,26,0.16306586736006357,0,0
Shenzhen,Chicago,FedEx,10,8,0.48208115823227327,0,0
Penang,Chicago,FedEx,15,5,0.4635015661671852,0,0
Shenzhen,Rotterdam,FedEx,28,14,0.5219299528037602,0,0
Penang,Rotterdam,DHL,29,19,0.9528045855639408,0,0
Shenzhen,Rotterdam,Maersk,10,40,0.6038953001447722,1,30
Penang,Rotterdam,Maersk,17,33,0.6057718366223738,1,16
Taipei,Rotterdam,FedEx,26,9,0.12802476286107678,0,0
Penang,LA,Maersk,30,33,0.9964888661768204,1,3
Shenzhen,Chicago,Maersk,31,31,0.7728449442346685,0,0
Taipei,LA,DHL,24,29,0.8772033440940048,1,5
Penang,LA,DHL,27,20,0.4143004118309941,0,0
Penang,LA,FedEx,16,20,0.5021280957856249,1,4
Penang,LA,FedEx,25,40,0.5220838091622765,1,15
Penang,LA,FedEx,16,29,0.19409453928960518,1,13
Penang,Rotterdam,DHL,26,5,0.6894891563269572,0,0
Taipei,Rotterdam,Maersk,13,9,0.9029767236174566,0,0
Taipei,Chicago,DHL,21,24,0.163705818138419,1,3
Taipei,LA,DHL,22,9,0.0863182734861645,0,0
Taipei,Chicago,Maersk,13,40,0.7382189055403422,1,27
Shenzhen,Rotterdam,Maersk,30,33,0.27320183167298207,1,3
Taipei,Rotterdam,FedEx,10,38,0.6238625416173293,1,28
Penang,Rotterdam,Maersk,10,22,0.6957583379921807,1,12
Penang,LA,Maersk,16,6,0.3219107635818218,0,0
Taipei,LA,Maersk,18,20,0.8151445974257844,1,2
Penang,Rotterdam,Maersk,10,33,0.5499889821142169,1,23
Taipei,Chicago,FedEx,25,37,0.8689994079518027,1,12
Penang,Chicago,FedEx,27,20,0.7632935525589475,0,0
Shenzhen,Rotterdam,Maersk,31,39,0.8685756320374538,1,8
Shenzhen,Chicago,Maersk,24,21,0.02016138211789409,0,0
Taipei,Rotterdam,FedEx,15,8,0.24350626073859472,0,0
Taipei,Chicago,FedEx,11,8,0.09000794044593863,0,0
Taipei,Rotterdam,Maersk,18,29,0.44208301718934917,1,11
Penang,Chicago,DHL,13,37,0.8899601216153182,1,24
Taipei,LA,FedEx,22,18,0.4675402622668692,0,0
Shenzhen,Rotterdam,FedEx,32,28,0.8497130445803941,0,0
Penang,Rotterdam,FedEx,31,15,0.3271782380193179,0,0
Taipei,Chicago,Maersk,20,29,0.3395700728052524,1,9
Penang,Rotterdam,Maersk,22,32,0.8955617303268776,1,10
Penang,Rotterdam,FedEx,20,11,0.42581714651170155,0,0
Taipei,Rotterdam,Maersk,28,40,0.7897654877946664,1,12
Penang,LA,Maersk,17,14,0.23664354788190134,0,0
Shenzhen,LA,FedEx,16,40,0.9488008296776355,1,24
Shenzhen,Chicago,Maersk,34,35,0.5745782465305711,1,1
Penang,LA,DHL,25,23,0.7593235685784019,0,0
Taipei,Chicago,Maersk,12,22,0.0895156997948855,1,10
Penang,LA,Maersk,26,10,0.4926642258305287,0,0
Shenzhen,Chicago,FedEx,27,32,0.9010384977340232,1,5
Penang,LA,FedEx,37,11,0.8770386290433045,0,0
Penang,LA,DHL,36,42,0.04681395723422754,1,6
Shenzhen,Chicago,Maersk,24,16,0.3036984691289467,0,0
Penang,Rotterdam,DHL,37,38,0.4433200064790801,1,1
Penang,Rotterdam,DHL,26,29,0.17226481435578822,1,3
Taipei,LA,FedEx,20,21,0.7299983109899704,1,1
Taipei,Chicago,Maersk,14,37,0.18451199559871156,1,23
Shenzhen,Rotterdam,FedEx,25,27,0.3466396943698862,1,2
Shenzhen,Chicago,DHL,24,13,0.6632806368578182,0,0
Shenzhen,Rotterdam,DHL,19,10,0.48208934452447993,0,0
Taipei,Chicago,FedEx,23,6,0.7385710386348938,0,0
Shenzhen,LA,FedEx,11,42,0.9612079012228597,1,31
Shenzhen,Chicago,FedEx,25,13,0.1165466877151975,0,0
Shenzhen,Rotterdam,FedEx,28,7,0.7095677163980609,0,0
Taipei,LA,FedEx,17,20,0.23034415563211452,1,3
Penang,Chicago,DHL,24,29,0.41447672740756925,1,5
Shenzhen,Rotterdam,FedEx,19,28,0.032862725795139824,1,9
Penang,LA,Maersk,39,33,0.13590738229269894,0,0
Shenzhen,Chicago,DHL,14,44,0.3197772890488997,1,30
Penang,Rotterdam,DHL,29,30,0.34198580528798495,1,1
Taipei,Chicago,Maersk,25,42,0.8995852164620958,1,17
Taipei,Chicago,Maersk,30,39,0.7418129092665151,1,9
Shenzhen,LA,DHL,35,27,0.9721829681870411,0,0
Penang,LA,FedEx,31,8,0.5990715103352405,0,0
Taipei,Rotterdam,DHL,21,18,0.24171373209131797,0,0
Shenzhen,LA,DHL,32,43,0.32765502992164286,1,11
Shenzhen,Rotterdam,Maersk,39,11,0.3198359232919671,0,0
Taipei,Chicago,DHL,22,12,0.3264943276632516,0,0
Taipei,Chicago,FedEx,18,23,0.6729641731118157,1,5
Shenzhen,Rotterdam,Maersk,26,6,0.5308079280904162,0,0
Penang,Chicago,DHL,29,5,0.3854241780866443,0,0
Penang,LA,DHL,37,42,0.1490897687287166,1,5
Penang,Chicago,FedEx,21,17,0.022139162942145907,0,0
Shenzhen,LA,DHL,34,28,0.2188346775876926,0,0
Taipei,Rotterdam,DHL,14,36,0.10747140396868127,1,22
Shenzhen,Rotterdam,DHL,33,34,0.7854450308522394,1,1
Taipei,Chicago,DHL,21,10,0.11249795781388539,0,0
Penang,Chicago,FedEx,10,42,0.7242282373068362,1,32
Penang,LA,DHL,29,37,0.38565868977608264,1,8
Taipei,LA,DHL,37,27,0.07337838974377597,0,0
Taipei,Chicago,DHL,25,14,0.8127300494315858,0,0
Shenzhen,Chicago,Maersk,39,19,0.5796305702366134,0,0
Penang,Rotterdam,FedEx,21,27,0.23576151286357305,1,6
Shenzhen,Rotterdam,Maersk,18,40,0.8946811743326679,1,22
Shenzhen,Rotterdam,Maersk,22,5,0.04525831387055146,0,0
Shenzhen,Chicago,FedEx,26,12,0.2018196081977629,0,0
Penang,Chicago,Maersk,26,7,0.752046927805861,0,0
Shenzhen,Chicago,Maersk,13,18,0.7093779303098892,1,5
Shenzhen,Rotterdam,Maersk,23,21,0.28927169372447803,0,0
Shenzhen,Chicago,FedEx,28,38,0.062024875352783115,1,10
Shenzhen,LA,DHL,16,10,0.8580780722249438,0,0
Shenzhen,Chicago,FedEx,36,9,0.3136976380699026,0,0
Shenzhen,Chicago,FedEx,12,44,0.19571341492826522,1,32
Penang,Chicago,FedEx,10,33,0.5160618223609771,1,23
Shenzhen,Chicago,Maersk,21,39,0.9102271992824473,1,18
Taipei,Chicago,DHL,24,22,0.043546577843375345,0,0
Shenzhen,LA,FedEx,20,44,0.7658040880308877,1,24
Shenzhen,LA,FedEx,19,34,0.5724732279387089,1,15
Penang,Chicago,DHL,11,19,0.42544911655181694,1,8
Penang,Rotterdam,DHL,35,19,0.74408044410506,0,0
Taipei,Chicago,DHL,38,20,0.9658244244416323,0,0
Taipei,Chicago,Maersk,13,37,0.22920621116269102,1,24
Penang,Chicago,DHL,26,14,0.14364736507211961,0,0
Penang,Rotterdam,Maersk,26,23,0.912881745222697,0,0
Shenzhen,Rotterdam,FedEx,37,41,0.6689530774573037,1,4
Penang,Rotterdam,Maersk,39,7,0.437986021561966,0,0
Taipei,LA,DHL,17,40,0.5732595702642831,1,23
Shenzhen,Rotterdam,Maersk,32,8,0.745613905176244,0,0
Taipei,LA,DHL,23,15,0.7730318987057172,0,0
Shenzhen,LA,Maersk,33,37,0.9198941808189646,1,4
Penang,Rotterdam,FedEx,38,32,0.42684278889562266,0,0
Taipei,Rotterdam,Maersk,13,36,0.293410910019395,1,23
Shenzhen,Rotterdam,FedEx,15,20,0.6396642667898419,1,5
Shenzhen,LA,DHL,38,13,0.41572789927953036,0,0
Penang,Chicago,FedEx,28,15,0.5945984539489779,0,0
Penang,Rotterdam,DHL,36,10,0.4199857984559502,0,0
Penang,Rotterdam,DHL,38,31,0.15299578667817448,0,0
Taipei,Rotterdam,FedEx,33,16,0.4694267516589584,0,0
Shenzhen,LA,FedEx,13,26,0.6909178219410328,1,13
Penang,LA,Maersk,12,44,0.7992838076676498,1,32
Taipei,Chicago,Maersk,29,41,0.49332627679654684,1,12
Taipei,Rotterdam,FedEx,15,25,0.16523789021040092,1,10
Taipei,LA,FedEx,36,37,0.4146877096494316,1,1
Penang,Chicago,FedEx,32,21,0.7862939288416982,0,0
Penang,Rotterdam,FedEx,16,33,0.41285927061707284,1,17
Shenzhen,LA,DHL,23,44,0.6965307936042223,1,21
Shenzhen,Rotterdam,FedEx,21,14,0.5072136816780898,0,0
Penang,Rotterdam,FedEx,25,22,0.2412231251093967,0,0
Taipei,LA,FedEx,29,17,0.7961505080230743,0,0
Taipei,LA,FedEx,17,31,0.08421345407068703,1,14
Taipei,LA,DHL,32,14,0.5248902827551506,0,0
Shenzhen,Rotterdam,Maersk,11,36,0.20889103424340494,1,25
Taipei,Rotterdam,Maersk,22,7,0.06706562854137565,0,0
Shenzhen,Chicago,Maersk,17,26,0.5029339370832488,1,9
Shenzhen,Rotterdam,Maersk,34,31,0.4995621559349236,0,0
Taipei,LA,Maersk,30,7,0.7069009016757208,0,0
Taipei,Rotterdam,DHL,29,37,0.7447506930519049,1,8
Penang,Chicago,Maersk,25,6,0.7277914886928968,0,0
Penang,Chicago,DHL,13,15,0.40955873291675504,1,2
Taipei,LA,DHL,38,14,0.6316897872265625,0,0
Shenzhen,LA,Maersk,25,43,0.5769452426439603,1,18
Shenzhen,Chicago,Maersk,29,37,0.4215617561169196,1,8
Shenzhen,Chicago,Maersk,15,11,0.5972126941859932,0,0
Shenzhen,Chicago,FedEx,36,19,0.9472478767062625,0,0
Shenzhen,LA,DHL,13,30,0.19289374368137735,1,17
Penang,Chicago,Maersk,25,15,0.9057720957855263,0,0
Taipei,Chicago,FedEx,32,42,0.053455513983198366,1,10
Penang,LA,DHL,32,31,0.30838921290166066,0,0
Shenzhen,Rotterdam,FedEx,30,43,0.28814524861152824,1,13
Shenzhen,Rotterdam,FedEx,22,11,0.6263651078809057,0,0
Shenzhen,Chicago,Maersk,14,5,0.13122495177729032,0,0
Shenzhen,Rotterdam,DHL,24,14,0.8823476118397537,0,0
Taipei,Rotterdam,FedEx,35,25,0.8285514084650413,0,0
Shenzhen,Rotterdam,DHL,17,19,0.6520658196852778,1,2
Taipei,Rotterdam,Maersk,16,34,0.45841383179219775,1,18
Shenzhen,Chicago,DHL,23,34,0.9329560421420784,1,11
Taipei,Rotterdam,FedEx,16,12,0.8307465547205559,0,0
Penang,Rotterdam,FedEx,31,28,0.4993151480812449,0,0
Shenzhen,LA,DHL,16,23,0.7018733544543112,1,7
Taipei,Chicago,FedEx,32,7,0.5669299521796846,0,0
Penang,LA,FedEx,35,19,0.5879422383882645,0,0
Shenzhen,LA,FedEx,39,40,0.33097606943747127,1,1
Shenzhen,Chicago,Maersk,27,10,0.46208460462489676,0,0
Shenzhen,Rotterdam,Maersk,39,22,0.0781214307897442,0,0
Taipei,LA,FedEx,19,42,0.3573486916645925,1,23
Taipei,Chicago,DHL,27,23,0.695828515362152,0,0
Penang,Rotterdam,Maersk,23,34,0.9532160305061863,1,11
Taipei,Chicago,DHL,19,17,0.9630641127630203,0,0
Taipei,LA,FedEx,16,43,0.5557228691248917,1,27
Shenzhen,Rotterdam,FedEx,39,16,0.6066222518095821,0,0
Shenzhen,Rotterdam,DHL,35,38,0.1857211855009675,1,3
Shenzhen,Chicago,Maersk,16,16,0.6953081080935307,0,0
Shenzhen,Rotterdam,DHL,16,28,0.07065879267438624,1,12
Shenzhen,LA,DHL,14,8,0.28468568579944453,0,0
Shenzhen,LA,FedEx,10,40,0.6683633472854422,1,30
Shenzhen,LA,Maersk,23,18,0.3103101315434893,0,0
Penang,Chicago,DHL,27,21,0.04984687411445432,0,0
Penang,Rotterdam,Maersk,22,7,0.8318704093509638,0,0
Penang,Rotterdam,FedEx,34,42,0.31033000713456305,1,8
Penang,Rotterdam,Maersk,17,27,0.06310522485867842,1,10
Shenzhen,LA,FedEx,17,17,0.07478816450286518,0,0
Penang,Rotterdam,Maersk,19,13,0.2517587987887536,0,0
Shenzhen,LA,DHL,26,25,0.17801594722152625,0,0
Penang,Rotterdam,FedEx,15,12,0.7743001177801508,0,0
Taipei,LA,DHL,24,21,0.32168404666703443,0,0
Penang,Rotterdam,FedEx,24,20,0.8046957850398325,0,0
Penang,Chicago,Maersk,34,20,0.1738459978231528,0,0
Shenzhen,Chicago,Maersk,25,32,0.4928791795440838,1,7
Penang,LA,FedEx,17,20,0.6880371335531288,1,3
Taipei,LA,FedEx,28,18,0.6519908538658549,0,0
Shenzhen,Rotterdam,FedEx,29,42,0.6011294099302688,1,13
Shenzhen,Rotterdam,Maersk,24,24,0.9248216019311698,0,0
Penang,Chicago,FedEx,12,38,0.22852514770674437,1,26
Shenzhen,Rotterdam,FedEx,15,33,0.4937192044621054,1,18
Shenzhen,LA,DHL,39,7,0.8839925500724087,0,0
Shenzhen,LA,FedEx,34,14,0.07789376559515704,0,0
Shenzhen,LA,DHL,17,24,0.055888268253075246,1,7
Shenzhen,LA,DHL,25,6,0.2333022875582914,0,0
Shenzhen,LA,DHL,24,31,0.6330212195380185,1,7
Taipei,Chicago,Maersk,22,36,0.2598796264498069,1,14
Penang,Chicago,DHL,35,14,0.19023988380879897,0,0
Taipei,LA,FedEx,29,44,0.4588023153582921,1,15
Shenzhen,Rotterdam,Maersk,24,21,0.6135980687694115,0,0
Shenzhen,LA,Maersk,27,37,0.2485577070167404,1,10
Penang,Chicago,Maersk,22,10,0.30069118672374207,0,0
Taipei,LA,Maersk,33,43,0.6135593048115139,1,10
Penang,Chicago,Maersk,17,22,0.9457384219894527,1,5
Taipei,Chicago,Maersk,23,13,0.6747417274380882,0,0
Shenzhen,LA,Maersk,37,12,0.78290414358456,0,0
Penang,LA,DHL,20,29,0.3668100947554688,1,9
Penang,Rotterdam,FedEx,15,35,0.27225435938446607,1,20
Shenzhen,Chicago,FedEx,39,8,0.45426774320262253,0,0
Penang,Rotterdam,DHL,33,24,0.8071328287116737,0,0
Taipei,LA,DHL,34,32,0.4562996417905558,0,0
Taipei,Chicago,Maersk,38,44,0.846725408789861,1,6
Taipei,Rotterdam,Maersk,10,5,0.9887719806951271,0,0
Taipei,Rotterdam,DHL,34,44,0.07202666573033634,1,10
Shenzhen,Rotterdam,Maersk,11,27,0.04541015608370369,1,16
Penang,LA,FedEx,39,17,0.14958970291336182,0,0
Taipei,LA,FedEx,22,20,0.3843696757343462,0,0
Shenzhen,LA,Maersk,10,30,0.1310422091454324,1,20
Penang,Chicago,Maersk,33,35,0.870664477618756,1,2
Penang,LA,Maersk,33,5,0.023146251027063802,0,0
Shenzhen,Chicago,FedEx,36,21,0.3157927163358225,0,0
Shenzhen,Rotterdam,Maersk,13,20,0.18469462949420534,1,7
Taipei,Rotterdam,DHL,33,41,0.9315393301575323,1,8
Penang,LA,Maersk,32,14,0.6694810048900279,0,0
Penang,Rotterdam,DHL,38,42,0.9120302564513745,1,4
Shenzhen,LA,Maersk,11,35,0.9723287103103934,1,24
Penang,Chicago,Maersk,30,14,0.4970982436773692,0,0
Taipei,Rotterdam,FedEx,39,38,0.23431910804802625,0,0
Penang,LA,DHL,35,10,0.1937287861965893,0,0
Shenzhen,Rotterdam,DHL,29,32,0.22291886168584052,1,3
Shenzhen,Rotterdam,DHL,25,32,0.7085933076220029,1,7
Taipei,LA,FedEx,12,17,0.040445728123000735,1,5
Taipei,Rotterdam,DHL,26,16,0.051361073032714866,0,0
Penang,Rotterdam,FedEx,14,44,0.60814294238315,1,30
Penang,Rotterdam,Maersk,35,6,0.6420571467374065,0,0
Shenzhen,Rotterdam,Maersk,17,12,0.66526292432246,0,0
Taipei,Chicago,DHL,21,13,0.37188050458859123,0,0
Taipei,Rotterdam,Maersk,34,12,0.8059448887141532,0,0
Taipei,Rotterdam,Maersk,32,7,0.5336245877266176,0,0
Penang,LA,DHL,21,13,0.10546563000941944,0,0
Taipei,Chicago,Maersk,36,17,0.7970993070673452,0,0
Shenzhen,LA,DHL,10,13,0.9530677862704583,1,3
Shenzhen,LA,DHL,10,35,0.06003631300235868,1,25
Penang,LA,Maersk,24,29,0.3913513387005799,1,5
Penang,Chicago,Maersk,26,12,0.48751604483474764,0,0
Taipei,LA,Maersk,11,35,0.14647076007831694,1,24
Penang,LA,Maersk,26,35,0.8677089477828771,1,9
Shenzhen,LA,Maersk,29,21,0.284149644890044,0,0
Taipei,Rotterdam,FedEx,35,23,0.7830085399381601,0,0
Shenzhen,LA,Maersk,18,7,0.670994482028316,0,0
Taipei,Chicago,FedEx,21,34,0.5980458224670234,1,13
Penang,Chicago,DHL,13,14,0.1921428486965544,1,1
Taipei,Rotterdam,Maersk,22,33,0.2207035205509057,1,11
Taipei,Chicago,Maersk,13,44,0.04734840474656932,1,31
Shenzhen,Chicago,Maersk,16,22,0.24071242978226637,1,6
Shenzhen,Rotterdam,DHL,23,16,0.3454436094605141,0,0
Taipei,LA,FedEx,36,27,0.8331453038624254,0,0
Penang,Rotterdam,FedEx,18,15,0.3663926667148053,0,0
Penang,LA,Maersk,32,13,0.7546217827656064,0,0
Shenzhen,LA,Maersk,10,28,0.43944228129548757,1,18
Penang,Chicago,Maersk,10,29,0.7848683119938884,1,19
Shenzhen,Rotterdam,Maersk,29,29,0.9762716004370399,0,0
Penang,Chicago,DHL,13,13,0.23984155805758012,0,0
Taipei,Chicago,Maersk,10,16,0.8623416119638762,1,6
Shenzhen,LA,DHL,31,15,0.6218240863057747,0,0
Shenzhen,Chicago,Maersk,19,42,0.8172942615886548,1,23
Taipei,Rotterdam,FedEx,11,32,0.6515859022678052,1,21
Shenzhen,Chicago,FedEx,36,12,0.42394950727415015,0,0
Penang,Chicago,Maersk,30,14,0.22807493944179036,0,0
Penang,LA,Maersk,33,29,0.07003522533116502,0,0
Shenzhen,Rotterdam,DHL,24,40,0.535518364460717,1,16
Penang,Chicago,Maersk,12,13,0.9903260945268656,1,1
Shenzhen,LA,Maersk,34,12,0.7380418050142062,0,0
Taipei,Chicago,Maersk,32,7,0.3273455413990166,0,0
Shenzhen,Rotterdam,FedEx,18,22,0.8272048000867352,1,4
Taipei,Chicago,DHL,26,39,0.7689840001764066,1,13
Penang,Chicago,FedEx,30,21,0.2816357933534568,0,0
Taipei,LA,DHL,37,40,0.014307489794234685,1,3
Penang,Chicago,FedEx,22,32,0.1181626385339496,1,10
Shenzhen,LA,Maersk,12,19,0.8773061903120576,1,7
Penang,Rotterdam,FedEx,13,23,0.8365630353048717,1,10
Shenzhen,Chicago,FedEx,13,26,0.29520900087836244,1,13
Shenzhen,Rotterdam,DHL,20,10,0.2851954262844204,0,0
Taipei,Rotterdam,DHL,37,11,0.7928649871024711,0,0
Taipei,Chicago,FedEx,16,13,0.9377374698954221,0,0
Taipei,LA,DHL,35,24,0.7791372567975999,0,0
Taipei,Rotterdam,DHL,20,41,0.6055786770307615,1,21
Penang,Rotterdam,DHL,33,15,0.24267135033180454,0,0
Penang,Chicago,DHL,20,6,0.5257479140952607,0,0
Penang,Chicago,DHL,19,26,0.23351185859326462,1,7
Shenzhen,Chicago,FedEx,14,40,0.8080114200967736,1,26
Penang,Chicago,DHL,22,9,0.3869610795177373,0,0
Penang,Chicago,Maersk,38,11,0.8336972169940262,0,0
Penang,Chicago,FedEx,21,10,0.3816092179827253,0,0
Taipei,LA,FedEx,19,26,0.8241494051998913,1,7
Penang,Rotterdam,FedEx,16,14,0.33331781516524195,0,0
Shenzhen,LA,DHL,28,44,0.44013270461766985,1,16
Taipei,LA,Maersk,28,24,0.6154884193426575,0,0
Shenzhen,Chicago,DHL,28,32,0.07028761402991868,1,4
Penang,Rotterdam,FedEx,21,27,0.9482070618154644,1,6
Taipei,LA,FedEx,29,39,0.5736057861238032,1,10
Shenzhen,Chicago,FedEx,31,5,0.5078200146908023,0,0
Penang,Chicago,FedEx,24,33,0.8393939711199121,1,9
Shenzhen,Rotterdam,DHL,14,13,0.8657627298968276,0,0
Shenzhen,LA,Maersk,33,13,0.522260404529016,0,0
Shenzhen,LA,Maersk,39,26,0.9272623257936373,0,0
Penang,LA,FedEx,23,6,0.06473776607648063,0,0
Penang,Chicago,Maersk,21,20,0.11322579225121754,0,0
Shenzhen,Rotterdam,FedEx,38,44,0.5967882300144401,1,6
Taipei,Rotterdam,FedEx,30,10,0.3540658617935837,0,0
Taipei,LA,Maersk,20,17,0.46422516618919885,0,0
Penang,Chicago,FedEx,37,37,0.32807921789716654,0,0
Penang,LA,Maersk,14,23,0.4047253114449356,1,9
Penang,Rotterdam,FedEx,25,19,0.8226463471462995,0,0
Penang,Chicago,Maersk,39,37,0.5934761998543047,0,0
Penang,LA,FedEx,35,14,0.9973445492834982,0,0
Taipei,LA,Maersk,27,5,0.7868791978209629,0,0
Penang,Chicago,FedEx,21,16,0.27366625410182666,0,0
Shenzhen,Rotterdam,FedEx,36,33,0.2643451177266962,0,0
Shenzhen,Chicago,FedEx,36,21,0.3358982701170071,0,0
Taipei,LA,Maersk,14,8,0.8432594806477427,0,0
Shenzhen,LA,DHL,25,33,0.027287650650565598,1,8
Taipei,LA,FedEx,21,11,0.23018127887125772,0,0
Taipei,LA,FedEx,32,17,0.904918420344267,0,0
Shenzhen,Rotterdam,Maersk,11,9,0.639896436083252,0,0
Penang,Rotterdam,FedEx,39,10,0.22684709550105642,0,0
Shenzhen,LA,FedEx,38,38,0.21914496823258034,0,0
Shenzhen,Rotterdam,FedEx,15,11,0.8626181017594305,0,0
Taipei,Rotterdam,FedEx,32,32,0.8937575082770465,0,0
Shenzhen,Rotterdam,DHL,30,14,0.2561310909621153,0,0
Taipei,LA,DHL,34,8,0.42051035807653225,0,0
Penang,Chicago,FedEx,39,7,0.8345957386283172,0,0
Penang,Chicago,FedEx,13,29,0.7710074386098854,1,16
Penang,Chicago,FedEx,39,27,0.8139161065660845,0,0
Shenzhen,LA,DHL,39,31,0.5183981907879688,0,0
Taipei,Rotterdam,DHL,22,18,0.9115490483051731,0,0
Penang,Rotterdam,Maersk,19,42,0.32595154395443526,1,23
Taipei,LA,Maersk,26,36,0.15667213434751803,1,10
Taipei,LA,FedEx,23,27,0.7087323325648648,1,4
Penang,Chicago,FedEx,33,44,0.5393544160068964,1,11
Penang,Chicago,DHL,24,41,0.854585768809481,1,17
Taipei,LA,FedEx,17,7,0.08115924912471495,0,0
Penang,Chicago,FedEx,32,39,0.8436924034380668,1,7
Taipei,Rotterdam,DHL,33,17,0.2932946532088222,0,0
Taipei,LA,DHL,27,38,0.654855667168183,1,11
Penang,LA,DHL,12,28,0.04012878907825579,1,16
Shenzhen,Rotterdam,DHL,34,5,0.6095812963036007,0,0
Penang,Rotterdam,Maersk,26,16,0.717271689187336,0,0
Shenzhen,Rotterdam,DHL,33,12,0.3687502145056203,0,0
Taipei,Chicago,DHL,33,23,0.21541070526214023,0,0
Taipei,LA,FedEx,16,13,0.537630676603545,0,0
Shenzhen,Chicago,FedEx,22,32,0.8331908044356465,1,10
Taipei,Rotterdam,FedEx,39,18,0.3235473582966508,0,0
Shenzhen,Chicago,Maersk,36,31,0.25246929752127956,0,0
Shenzhen,Rotterdam,DHL,25,22,0.2789353086376877,0,0
Taipei,Chicago,DHL,14,10,0.9491321529166644,0,0
Shenzhen,Chicago,Maersk,13,37,0.35927691576455967,1,24
Penang,Rotterdam,DHL,35,41,0.003604239888287175,1,6
Penang,Chicago,FedEx,19,29,0.7816812079596197,1,10
Taipei,LA,Maersk,22,17,0.6992747953353902,0,0
Taipei,Chicago,DHL,19,27,0.12856826460296888,1,8
Shenzhen,Chicago,Maersk,23,40,0.9849042491349125,1,17
Shenzhen,LA,Maersk,35,37,0.6080622853051112,1,2
Shenzhen,Rotterdam,DHL,31,25,0.5007794909406015,0,0
Shenzhen,LA,FedEx,21,38,0.38221926762289105,1,17
Penang,Chicago,DHL,36,40,0.8986727555636379,1,4
Penang,Rotterdam,DHL,10,21,0.24396348141856328,1,11
Taipei,Chicago,FedEx,38,14,0.28576890021990187,0,0
Shenzhen,Chicago,DHL,30,27,0.1224108066865669,0,0
Shenzhen,LA,DHL,39,6,0.75911909558426,0,0
Taipei,LA,DHL,29,39,0.5955492804058533,1,10
Shenzhen,Rotterdam,Maersk,29,18,0.6090661692544983,0,0
Shenzhen,Rotterdam,Maersk,16,6,0.21847043101946362,0,0
Shenzhen,Rotterdam,Maersk,18,23,0.6511683891270839,1,5
Shenzhen,Chicago,DHL,17,20,0.765458447246864,1,3
Shenzhen,LA,FedEx,36,29,0.35788853072568927,0,0
Taipei,LA,Maersk,22,5,0.8013471439617122,0,0
Shenzhen,LA,FedEx,23,6,0.34879058853202094,0,0
Taipei,Rotterdam,DHL,21,31,0.7581384615092877,1,10
Shenzhen,LA,Maersk,17,6,0.03373010745771898,0,0
Penang,LA,DHL,30,34,0.5511646014736526,1,4
Penang,LA,FedEx,31,14,0.9695265606398866,0,0
Penang,Rotterdam,Maersk,27,23,0.9812446006823907,0,0
Penang,LA,Maersk,25,20,0.2817525783417406,0,0
Taipei,Rotterdam,Maersk,38,17,0.44139909108035547,0,0
Taipei,LA,Maersk,20,12,0.06297790798663305,0,0
Shenzhen,LA,FedEx,25,35,0.8733413076045997,1,10
Penang,LA,Maersk,23,29,0.5685721531402141,1,6
Taipei,Rotterdam,DHL,12,43,0.385100678940517,1,31
Shenzhen,Rotterdam,Maersk,30,25,0.11277055848915307,0,0
Shenzhen,LA,FedEx,11,42,0.9467672854968892,1,31
Taipei,Chicago,Maersk,12,33,0.5302190478209937,1,21
Penang,Rotterdam,FedEx,13,10,0.2829279290829039,0,0
Shenzhen,Rotterdam,FedEx,31,22,0.3502151301315095,0,0
Penang,LA,DHL,14,39,0.2706971809221477,1,25
Penang,Chicago,Maersk,19,31,0.6018098088569807,1,12
Penang,LA,Maersk,29,9,0.9299635757805099,0,0
Shenzhen,Rotterdam,Maersk,38,11,0.8566938033265644,0,0
Penang,Rotterdam,DHL,11,14,0.4603808754259775,1,3
Shenzhen,LA,DHL,21,14,0.8264993623010078,0,0
Penang,LA,FedEx,36,32,0.42310548127632985,0,0
Shenzhen,Chicago,FedEx,14,40,0.252307140758638,1,26
Penang,Chicago,FedEx,14,14,0.9834151152664279,0,0
Taipei,Rotterdam,DHL,36,39,0.30388756797082184,1,3
Penang,Chicago,DHL,32,39,0.3237242309869084,1,7
Penang,Chicago,DHL,10,41,0.9896928677865222,1,31
Shenzhen,Rotterdam,FedEx,13,24,0.1339274931656549,1,11
Shenzhen,Rotterdam,DHL,36,17,0.7605339880096951,0,0
Penang,Rotterdam,FedEx,30,15,0.9358127584827265,0,0
Taipei,Rotterdam,FedEx,33,23,0.5117949942754186,0,0
Taipei,LA,Maersk,21,32,0.0025217617028200356,1,11
Shenzhen,Rotterdam,Maersk,21,42,0.37505894411310625,1,21
Taipei,Rotterdam,Maersk,25,8,0.11156899238482709,0,0
Penang,Rotterdam,FedEx,33,41,0.41618766093369575,1,8
Shenzhen,Chicago,Maersk,26,23,0.7900267616422847,0,0
Penang,Rotterdam,Maersk,30,41,0.4387115488838005,1,11
Shenzhen,LA,Maersk,19,18,0.43192512134592254,0,0
Shenzhen,LA,DHL,26,35,0.5567894769188466,1,9
Shenzhen,Rotterdam,FedEx,26,32,0.5816905847476802,1,6
Shenzhen,LA,Maersk,27,40,0.8562963087989713,1,13
Taipei,Chicago,DHL,11,42,0.3083554392289515,1,31
Penang,Rotterdam,DHL,34,23,0.821671264368016,0,0
Penang,LA,DHL,13,5,0.5659337486920473,0,0
Penang,LA,Maersk,28,27,0.30052954971714696,0,0
Shenzhen,Rotterdam,DHL,20,32,0.2951260440060771,1,12
Taipei,LA,FedEx,26,8,0.3611375171057245,0,0
Penang,Rotterdam,DHL,21,22,0.6226932426199755,1,1
Taipei,LA,DHL,11,43,0.23081173135994915,1,32
Shenzhen,Chicago,DHL,15,29,0.9203335616722674,1,14
Penang,LA,DHL,18,22,0.5749125841779004,1,4
Taipei,LA,FedEx,14,10,0.9200157769960068,0,0
Shenzhen,Rotterdam,Maersk,29,23,0.0464043585791547,0,0
Taipei,LA,FedEx,38,16,0.3426113704614734,0,0
Penang,Rotterdam,FedEx,30,29,0.022807660687623077,0,0
Penang,Chicago,Maersk,18,39,0.2722518150979698,1,21
Shenzhen,Rotterdam,DHL,37,5,0.8620064722685882,0,0
Shenzhen,Rotterdam,Maersk,38,9,0.03660971584220085,0,0
Shenzhen,LA,Maersk,32,5,0.43614709991574485,0,0
Taipei,Chicago,FedEx,17,12,0.11756707047322779,0,0
Taipei,Rotterdam,Maersk,29,43,0.41684065926036773,1,14
Taipei,LA,DHL,36,22,0.8388515842643773,0,0
Shenzhen,LA,FedEx,17,13,0.6230710334025191,0,0
Penang,Rotterdam,DHL,31,9,0.7367563453314232,0,0
Penang,LA,FedEx,30,8,0.349104115449581,0,0
Taipei,Rotterdam,DHL,38,33,0.9443976950101415,0,0
Taipei,Rotterdam,Maersk,37,5,0.7092620937795001,0,0
Penang,Rotterdam,Maersk,32,34,0.4217988192845309,1,2
Penang,Chicago,Maersk,15,5,0.4264648002270549,0,0
Taipei,Rotterdam,DHL,12,7,0.9186841779432976,0,0
Taipei,LA,FedEx,14,26,0.5764046934353918,1,12
Penang,Chicago,FedEx,18,12,0.7063792099030417,0,0
Shenzhen,LA,FedEx,16,22,0.41703522451317077,1,6
Taipei,Chicago,Maersk,37,29,0.2236927647647141,0,0
Penang,Chicago,DHL,13,24,0.7235592919944186,1,11
Penang,Chicago,FedEx,16,35,0.6078237721413878,1,19
Penang,Chicago,DHL,14,34,0.5013428804247794,1,20
Penang,LA,FedEx,20,20,0.6240209399944638,0,0
Shenzhen,Rotterdam,Maersk,38,6,0.20828558606423364,0,0
Penang,LA,DHL,24,21,0.7939387065319563,0,0
Taipei,Rotterdam,FedEx,11,14,0.9481628050203058,1,3
Shenzhen,LA,FedEx,22,11,0.8911031441677028,0,0
Penang,Chicago,FedEx,31,13,0.32143574530701713,0,0
Shenzhen,Chicago,FedEx,25,21,0.4060057732820759,0,0
Taipei,Rotterdam,Maersk,16,13,0.8084022997975612,0,0
Penang,Rotterdam,FedEx,17,13,0.5951171308246038,0,0
Taipei,LA,FedEx,15,41,0.5479144436766492,1,26
Penang,Rotterdam,Maersk,33,28,0.9266419675334452,0,0
Penang,LA,FedEx,16,43,0.5360249609770508,1,27
Penang,Rotterdam,DHL,27,15,0.5149386795873099,0,0
Penang,Rotterdam,DHL,39,12,0.04201859126635965,0,0
Penang,Rotterdam,FedEx,31,29,0.06941695859013763,0,0
Shenzhen,Chicago,Maersk,34,6,0.007420307880650179,0,0
Penang,Chicago,Maersk,37,14,0.9132442257836336,0,0
Penang,LA,Maersk,31,28,0.40838666001770063,0,0
Shenzhen,Rotterdam,FedEx,29,20,0.46856137613341253,0,0
Shenzhen,LA,FedEx,16,23,0.845386947592462,1,7
Shenzhen,Rotterdam,DHL,12,35,0.6092463103757779,1,23
Shenzhen,Chicago,Maersk,14,15,0.6095015963905811,1,1
Shenzhen,Chicago,FedEx,10,10,0.29653442935481245,0,0
Shenzhen,Rotterdam,FedEx,24,10,0.8339083739245192,0,0
Penang,Rotterdam,FedEx,35,36,0.1658299760394938,1,1
Penang,Chicago,Maersk,12,43,0.0531495921729479,1,31
Taipei,Chicago,Maersk,17,17,0.1916033575185323,0,0
Penang,LA,DHL,34,7,0.2677372187745647,0,0
Penang,Chicago,Maersk,18,39,0.28231105785420674,1,21
Shenzhen,Rotterdam,FedEx,24,42,0.6705135986187676,1,18
Shenzhen,LA,DHL,19,21,0.21782458732864352,1,2
Penang,Rotterdam,Maersk,11,7,0.6766583044949845,0,0
Taipei,LA,Maersk,29,38,0.09113217323379974,1,9
Shenzhen,Rotterdam,Maersk,14,16,0.14720246109790902,1,2
Penang,Chicago,Maersk,28,28,0.508821448490995,0,0
Penang,Rotterdam,FedEx,22,10,0.9218958025766426,0,0
Taipei,LA,Maersk,20,15,0.859567588811114,0,0
Taipei,Rotterdam,FedEx,10,31,0.9687534424428031,1,21
Shenzhen,LA,FedEx,31,28,0.6504790652781709,0,0
Taipei,Rotterdam,FedEx,39,22,0.675814866416092,0,0
Penang,Chicago,DHL,24,31,0.625022998931492,1,7
Penang,Chicago,FedEx,35,25,0.6228189228581973,0,0
Taipei,Rotterdam,Maersk,27,38,0.14712034506758465,1,11
Taipei,Rotterdam,DHL,25,37,0.5437389561639286,1,12
Taipei,Rotterdam,Maersk,18,22,0.38606793345172574,1,4
Taipei,LA,FedEx,10,7,0.44253721577729344,0,0
Shenzhen,Rotterdam,Maersk,20,28,0.5236005730592374,1,8
Taipei,Rotterdam,DHL,18,5,0.1283961718022516,0,0
Shenzhen,LA,DHL,32,10,0.35948773385211985,0,0
Penang,Chicago,Maersk,20,23,0.06344956087660358,1,3
Taipei,Rotterdam,Maersk,22,26,0.9796681304223991,1,4
Shenzhen,Rotterdam,Maersk,35,12,0.11852802882012614,0,0
Taipei,Chicago,DHL,11,9,0.2585247385449545,0,0
Penang,Chicago,FedEx,23,13,0.8912929267033972,0,0
Penang,LA,Maersk,15,25,0.4827100462391418,1,10
Penang,Rotterdam,FedEx,17,32,0.1356372015206303,1,15
Taipei,Rotterdam,DHL,27,8,0.3842305380393489,0,0
Taipei,LA,Maersk,25,28,0.11586799419138583,1,3
Shenzhen,Chicago,Maersk,30,12,0.20021599708450177,0,0
Penang,LA,DHL,38,21,0.05202984694984503,0,0
Taipei,Chicago,Maersk,21,38,0.4382274945490999,1,17
Penang,LA,FedEx,20,24,0.8066361217252598,1,4
Penang,Chicago,DHL,15,20,0.5859691786998955,1,5
Shenzhen,LA,DHL,12,14,0.6063453054846117,1,2
Shenzhen,Chicago,Maersk,23,38,0.20058403008324033,1,15
Shenzhen,Chicago,DHL,37,14,0.3438938432523665,0,0
Shenzhen,Chicago,Maersk,11,34,0.845242103840832,1,23
Penang,Chicago,Maersk,20,34,0.08785618432651454,1,14
Shenzhen,Chicago,DHL,31,29,0.8579306536685337,0,0
Shenzhen,Rotterdam,Maersk,12,11,0.48369002626478563,0,0
Shenzhen,Chicago,FedEx,27,24,0.8371474313251173,0,0
Shenzhen,Rotterdam,FedEx,10,21,0.31800641939440033,1,11
Penang,Chicago,Maersk,39,7,0.3388429515830208,0,0
Shenzhen,Rotterdam,FedEx,33,44,0.7516048683231428,1,11
Penang,Rotterdam,Maersk,10,40,0.7849961733922202,1,30
Taipei,LA,FedEx,21,30,0.22964467799014676,1,9
Penang,Chicago,DHL,24,14,0.9728713248219055,0,0
Penang,LA,Maersk,14,38,0.08449010424482895,1,24
Shenzhen,LA,Maersk,36,18,0.06850296310213089,0,0
Taipei,Chicago,Maersk,15,12,0.5955042152861028,0,0
Taipei,LA,Maersk,25,31,0.7227407677716214,1,6
Taipei,Chicago,Maersk,36,14,0.9608861292249739,0,0
Taipei,LA,Maersk,21,19,0.40494578079886157,0,0
Penang,Chicago,DHL,21,41,0.025291408989633113,1,20
Taipei,Chicago,DHL,12,26,0.602896339446407,1,14
Penang,Chicago,FedEx,39,35,0.28969602059877186,0,0
Penang,Rotterdam,Maersk,32,6,0.43294712119540224,0,0
Penang,LA,FedEx,11,35,0.48846948224993525,1,24
Taipei,Rotterdam,FedEx,16,18,0.06451261073803383,1,2
Shenzhen,LA,DHL,11,14,0.4859817845641028,1,3
Shenzhen,LA,FedEx,30,34,0.42631966680431477,1,4
Taipei,LA,DHL,16,40,0.7125442652865932,1,24
Shenzhen,Rotterdam,FedEx,20,44,0.6456659112123446,1,24
Shenzhen,LA,Maersk,20,19,0.18521571815056104,0,0
Penang,Rotterdam,FedEx,23,18,0.20613891821039698,0,0
Penang,Chicago,DHL,12,35,0.25100617877437326,1,23
Taipei,LA,DHL,23,33,0.17895044029717733,1,10
Taipei,LA,DHL,20,31,0.6572131996684671,1,11
Shenzhen,Chicago,FedEx,13,25,0.9944301792002705,1,12
Penang,Chicago,FedEx,26,13,0.6521083405159366,0,0
Taipei,LA,DHL,25,24,0.6066815461912912,0,0
Taipei,Chicago,Maersk,12,39,0.40992793335107247,1,27
Taipei,Rotterdam,Maersk,34,19,0.3125802588597607,0,0
Taipei,Rotterdam,FedEx,19,28,0.9110737569064792,1,9
Taipei,LA,FedEx,30,20,0.969001874142153,0,0
Taipei,Rotterdam,DHL,24,40,0.4967761755877278,1,16
Shenzhen,Rotterdam,FedEx,17,15,0.29020049550655747,0,0
Penang,LA,FedEx,27,12,0.7701222076697677,0,0
Penang,Chicago,DHL,12,7,0.13245679086687845,0,0
Taipei,LA,DHL,16,23,0.7655882376436816,1,7
Penang,Rotterdam,FedEx,39,7,0.8189483743113387,0,0
Penang,LA,Maersk,19,40,0.12490394462716736,1,21
Penang,LA,FedEx,29,29,0.9768614687965638,0,0
Taipei,Rotterdam,Maersk,18,40,0.9855122903884784,1,22
Taipei,Rotterdam,Maersk,23,15,0.9367194793273512,0,0
Penang,LA,Maersk,32,20,0.4960348094062643,0,0
Penang,Rotterdam,DHL,23,21,0.24607414227682844,0,0
Taipei,Rotterdam,DHL,20,28,0.582009280881913,1,8
Shenzhen,Rotterdam,DHL,37,21,0.4199338384714357,0,0
Penang,Rotterdam,FedEx,10,24,0.2059486447171971,1,14
Shenzhen,Rotterdam,DHL,13,26,0.4236764096178476,1,13
Penang,Rotterdam,DHL,35,10,0.6638898356775905,0,0
Shenzhen,Chicago,FedEx,36,11,0.07091331078599106,0,0
Shenzhen,LA,FedEx,15,18,0.3334180014460165,1,3
Shenzhen,Rotterdam,Maersk,31,15,0.017794890012825193,0,0
Taipei,LA,FedEx,35,16,0.7494955054616756,0,0
Shenzhen,Chicago,FedEx,31,9,0.6406912676167008,0,0
Shenzhen,Rotterdam,DHL,14,9,0.06267213470196586,0,0
Shenzhen,LA,Maersk,12,24,0.9647375596019678,1,12
Penang,Rotterdam,Maersk,11,19,0.022621557127100678,1,8
Shenzhen,Rotterdam,FedEx,12,30,0.5899606464760886,1,18
Penang,Rotterdam,DHL,18,37,0.7763674617990558,1,19
Shenzhen,Rotterdam,DHL,28,34,0.787896313044723,1,6
Shenzhen,Rotterdam,DHL,28,28,0.034285135593203786,0,0
Taipei,Rotterdam,DHL,26,27,0.9064151326404393,1,1
Penang,Rotterdam,FedEx,27,13,0.9184516719271222,0,0
Shenzhen,Chicago,DHL,20,7,0.5613903731543727,0,0
Penang,Chicago,Maersk,21,40,0.4820831988871461,1,19
Penang,Rotterdam,Maersk,12,11,0.04486746306259981,0,0
Taipei,Rotterdam,FedEx,27,26,0.5619541425098686,0,0
Taipei,Chicago,DHL,33,18,0.40937908177023075,0,0
Taipei,Chicago,DHL,15,33,0.7728064074086561,1,18
Taipei,Chicago,DHL,16,20,0.40388356688608784,1,4
Taipei,Rotterdam,DHL,10,38,0.6835808333247098,1,28
Taipei,LA,FedEx,15,14,0.1014081462375308,0,0
Taipei,LA,DHL,27,11,0.13295227076596694,0,0
Taipei,LA,FedEx,22,29,0.13971019064915835,1,7
Shenzhen,LA,DHL,31,31,0.04552549979974352,0,0
Penang,Rotterdam,DHL,28,19,0.5413288592698038,0,0
Taipei,LA,Maersk,16,36,0.793967726043636,1,20
Taipei,Chicago,FedEx,28,32,0.6104112036936661,1,4
Penang,Chicago,Maersk,18,13,0.5749548855528562,0,0
Shenzhen,LA,FedEx,12,11,0.6806239284027364,0,0
Penang,Chicago,DHL,32,20,0.3396453230720148,0,0
Penang,Rotterdam,DHL,21,30,0.3619540716482289,1,9
Taipei,LA,FedEx,29,39,0.31427009822092256,1,10
Penang,LA,Maersk,33,21,0.7121089328535756,0,0
Penang,Rotterdam,FedEx,39,27,0.1616403356707743,0,0
Taipei,Chicago,FedEx,27,12,0.013025280312924381,0,0
Taipei,Rotterdam,DHL,17,6,0.5961964467224924,0,0
Taipei,Rotterdam,Maersk,18,35,0.9423813647342054,1,17
Taipei,Chicago,FedEx,22,36,0.6094079169963047,1,14
Penang,Rotterdam,Maersk,17,33,0.7829216529408951,1,16
Penang,Chicago,Maersk,31,7,0.6727907094660301,0,0
Shenzhen,Chicago,FedEx,19,12,0.49743665352301625,0,0
Shenzhen,Rotterdam,Maersk,26,6,0.718392401783846,0,0
Penang,Chicago,DHL,16,35,0.8241041238552218,1,19
Shenzhen,Rotterdam,DHL,26,41,0.224731644171698,1,15
Penang,Chicago,DHL,32,24,0.33613048048314553,0,0
Shenzhen,LA,DHL,39,33,0.22372573250328387,0,0
Taipei,Chicago,Maersk,27,21,0.452172955590441,0,0
Shenzhen,Chicago,DHL,33,14,0.8850645509166676,0,0
Taipei,Rotterdam,FedEx,11,26,0.34520710083533235,1,15
Taipei,Chicago,DHL,12,10,0.37446688913055337,0,0
Taipei,LA,FedEx,38,38,0.8603672346719318,0,0
Taipei,LA,FedEx,37,35,0.5153743307446752,0,0
Shenzhen,Chicago,DHL,28,16,0.5354489996474344,0,0
Penang,Chicago,DHL,10,16,0.8608012033322129,1,6
Taipei,LA,Maersk,30,20,0.4905267370254732,0,0
Shenzhen,Rotterdam,FedEx,30,29,0.6815575346293953,0,0
Taipei,LA,DHL,19,26,0.08564466587406072,1,7
Shenzhen,LA,Maersk,30,31,0.1786317131268853,1,1
Shenzhen,Chicago,DHL,23,28,0.4043762007162456,1,5
Shenzhen,Chicago,DHL,22,16,0.49483906781987486,0,0
Penang,LA,DHL,18,22,0.9657337012362295,1,4
Shenzhen,Rotterdam,FedEx,15,20,0.97065163304779,1,5
Shenzhen,LA,DHL,15,8,0.8511970874787617,0,0
Penang,LA,Maersk,28,16,0.31559883528557453,0,0
Penang,Rotterdam,DHL,30,37,0.9640282908324397,1,7
Shenzhen,LA,DHL,19,26,0.6893408646762126,1,7
Penang,LA,Maersk,32,22,0.3929401278174004,0,0
Taipei,Chicago,Maersk,12,37,0.7016749169847664,1,25
Taipei,Rotterdam,FedEx,27,31,0.01652272978652658,1,4
Penang,Chicago,FedEx,30,23,0.14615468227421358,0,0
Penang,Chicago,FedEx,28,18,0.8296857115563677,0,0
Shenzhen,Rotterdam,FedEx,14,29,0.6455736368731712,1,15
Penang,Rotterdam,Maersk,34,38,0.364194701291884,1,4
Shenzhen,LA,DHL,20,28,0.5006666402227188,1,8
Taipei,Chicago,DHL,19,42,0.905142149645767,1,23
Penang,Rotterdam,DHL,26,27,0.6315781094790865,1,1
Shenzhen,Chicago,FedEx,13,9,0.39814928393433024,0,0
Shenzhen,Chicago,Maersk,35,40,0.12032665739753501,1,5
Taipei,Rotterdam,Maersk,30,28,0.293746801625561,0,0
Penang,LA,Maersk,27,40,0.9783402327965833,1,13
Taipei,Chicago,DHL,37,9,0.4373630628517775,0,0
Shenzhen,Rotterdam,FedEx,27,43,0.47183946384486086,1,16
Shenzhen,LA,Maersk,10,10,0.4985980323970154,0,0
Penang,Chicago,FedEx,23,40,0.8841040229482111,1,17
Shenzhen,Rotterdam,Maersk,17,8,0.6039282843853099,0,0
Penang,Chicago,FedEx,11,14,0.6936770364519221,1,3
Taipei,Rotterdam,Maersk,28,5,0.389413542549104,0,0
Penang,Rotterdam,FedEx,24,25,0.02908761858897435,1,1
Penang,Chicago,Maersk,37,44,0.9309729142428443,1,7
Shenzhen,Chicago,Maersk,11,43,0.9491276809164064,1,32
Shenzhen,Rotterdam,FedEx,13,41,0.9491530533480511,1,28
Penang,LA,FedEx,39,7,0.9436870866467165,0,0
Shenzhen,Chicago,DHL,10,35,0.815241941069561,1,25
Shenzhen,Rotterdam,FedEx,28,31,0.6845960501163268,1,3
Shenzhen,Rotterdam,Maersk,30,21,0.8445099182672856,0,0
Penang,LA,Maersk,19,27,0.6005462390010362,1,8
Shenzhen,LA,FedEx,10,17,0.13436961389202362,1,7
Penang,LA,DHL,29,31,0.39121816504142104,1,2
Shenzhen,Chicago,FedEx,31,24,0.9712949119729375,0,0
Taipei,Rotterdam,Maersk,24,17,0.3511378135956563,0,0
Shenzhen,Rotterdam,Maersk,13,28,0.8678279137313695,1,15
Shenzhen,Rotterdam,DHL,16,7,0.09321147077486958,0,0
Penang,LA,FedEx,39,14,0.3341838423754696,0,0
Penang,Rotterdam,Maersk,16,5,0.3509533247273796,0,0
Shenzhen,Chicago,Maersk,31,17,0.05160254310898016,0,0
Taipei,LA,Maersk,34,18,0.11909433018675497,0,0
Shenzhen,LA,FedEx,27,37,0.19316521112177099,1,10
Shenzhen,LA,FedEx,22,6,0.8378155908101129,0,0
Taipei,LA,DHL,19,6,0.06340198993980639,0,0
Penang,Chicago,Maersk,33,43,0.2987009013443872,1,10
Shenzhen,Rotterdam,Maersk,17,35,0.010175002589267512,1,18
Penang,Chicago,DHL,36,8,0.6956277454030247,0,0
Penang,Rotterdam,Maersk,19,38,0.6203030900433798,1,19
Taipei,Chicago,DHL,23,23,0.6449822620531418,0,0
Taipei,LA,DHL,23,41,0.3743827847146187,1,18
Penang,LA,Maersk,36,13,0.20826782126756904,0,0
Shenzhen,Chicago,FedEx,29,28,0.7203202132860334,0,0
Penang,Chicago,FedEx,31,17,0.8111178727406951,0,0
Shenzhen,Rotterdam,FedEx,20,34,0.13860149809820177,1,14
Shenzhen,Chicago,FedEx,15,23,0.48682942793742134,1,8
Taipei,Chicago,Maersk,30,14,0.2487156819788625,0,0
Shenzhen,Rotterdam,DHL,39,18,0.16810686120613372,0,0
Shenzhen,Rotterdam,DHL,10,44,0.7343253134949991,1,34
Penang,Rotterdam,Maersk,28,24,0.538096935472837,0,0
Taipei,Chicago,FedEx,16,8,0.21618533237866777,0,0
Shenzhen,Rotterdam,DHL,33,42,0.3100000112115451,1,9
Shenzhen,LA,Maersk,27,43,0.9666536713277424,1,16
Taipei,LA,Maersk,12,9,0.8486795647085567,0,0
Penang,LA,FedEx,29,36,0.8799467428731284,1,7
Taipei,Chicago,Maersk,39,10,0.460012097080708,0,0
Taipei,LA,DHL,20,18,0.623807263920875,0,0
Shenzhen,Chicago,DHL,14,10,0.3767677402044116,0,0
Shenzhen,Chicago,Maersk,28,18,0.07771197568889054,0,0
Penang,LA,DHL,30,16,0.40106931065678253,0,0
Shenzhen,Rotterdam,Maersk,33,31,0.5939807532071447,0,0
Shenzhen,Chicago,DHL,33,30,0.2871442707681314,0,0
Taipei,LA,FedEx,39,16,0.8479505747274158,0,0
Shenzhen,Chicago,DHL,11,12,0.15110015917459863,1,1
Penang,Rotterdam,FedEx,31,14,0.3671290894369199,0,0
Taipei,Rotterdam,FedEx,13,20,0.12490390532420292,1,7
Penang,LA,Maersk,34,30,0.40483213398522533,0,0
Taipei,Chicago,FedEx,19,12,0.03966130497427045,0,0
Shenzhen,Chicago,DHL,11,33,0.27254939506164544,1,22
Taipei,Chicago,DHL,17,24,0.4007352551136837,1,7
Taipei,Chicago,FedEx,10,21,0.47816536327669157,1,11
Shenzhen,LA,Maersk,36,23,0.5436963584751419,0,0
Shenzhen,Rotterdam,FedEx,15,21,0.2749911297899189,1,6
Penang,LA,DHL,20,43,0.5230413346148723,1,23
Penang,Chicago,DHL,36,5,0.5090046215620598,0,0
Shenzhen,Chicago,FedEx,39,33,0.3161780508762084,0,0
Shenzhen,Rotterdam,FedEx,37,18,0.8302003306564782,0,0
Shenzhen,Chicago,FedEx,19,21,0.5456411265935651,1,2
Taipei,LA,DHL,22,17,0.332269718746545,0,0
Taipei,LA,DHL,10,33,0.9473385120807765,1,23
Taipei,Rotterdam,DHL,11,38,0.845112413071161,1,27
Shenzhen,LA,Maersk,12,31,0.9825878115518009,1,19
Penang,LA,DHL,18,37,0.6922338746454207,1,19
Shenzhen,LA,DHL,14,33,0.37822290550604687,1,19
Taipei,LA,Maersk,19,41,0.2808606666790123,1,22
Taipei,Chicago,Maersk,19,43,0.663317843674481,1,24
Shenzhen,LA,Maersk,21,23,0.9808165824953037,1,2
Shenzhen,Rotterdam,Maersk,27,28,0.6267150801038488,1,1
Taipei,Rotterdam,Maersk,35,18,0.8816149409898382,0,0
Taipei,LA,Maersk,30,41,0.3291034310477686,1,11
Taipei,Rotterdam,FedEx,30,9,0.4069537824742556,0,0
Shenzhen,LA,FedEx,10,28,0.9062752395893533,1,18
Taipei,Rotterdam,FedEx,12,38,0.7568667019578188,1,26
Taipei,Rotterdam,FedEx,14,35,0.9814103203679058,1,21
Penang,LA,DHL,34,34,0.7747642097322419,0,0
Shenzhen,LA,Maersk,35,13,0.44851570721823175,0,0
Penang,Chicago,DHL,26,31,0.5310680198223631,1,5
Penang,LA,Maersk,17,32,0.9005154924631367,1,15
Taipei,LA,Maersk,26,30,0.5516467360980479,1,4
Shenzhen,Chicago,DHL,18,22,0.2553973741644452,1,4
Taipei,LA,FedEx,15,40,0.43561981276994943,1,25
Shenzhen,LA,DHL,26,12,0.5163159888491179,0,0
Penang,Chicago,DHL,17,22,0.09671983355112956,1,5
Shenzhen,LA,Maersk,30,24,0.7437626742528902,0,0
Taipei,LA,Maersk,16,36,0.10935393335497301,1,20
Taipei,Chicago,Maersk,16,33,0.40491771336880567,1,17
Taipei,Chicago,FedEx,24,22,0.8046224415404045,0,0
Shenzhen,Rotterdam,DHL,16,11,0.4675703616132969,0,0
Penang,LA,DHL,31,5,0.842015519718508,0,0
Penang,Rotterdam,FedEx,36,32,0.341881322056115,0,0
Shenzhen,Rotterdam,DHL,17,37,0.9576362939984354,1,20
Taipei,Chicago,DHL,18,8,0.20946843180523556,0,0
Penang,LA,Maersk,37,24,0.03826414498930131,0,0
Taipei,LA,FedEx,24,40,0.8724265429904186,1,16
Shenzhen,Chicago,Maersk,11,35,0.7522027159504082,1,24
Taipei,Rotterdam,FedEx,16,42,0.2319838370673728,1,26
Penang,Chicago,Maersk,24,32,0.9847416071366739,1,8
Penang,LA,DHL,27,7,0.5022801292685278,0,0
Taipei,Chicago,FedEx,31,10,0.9510654401441635,0,0
Shenzhen,LA,FedEx,27,27,0.5050287713869993,0,0
Taipei,Rotterdam,Maersk,19,11,0.471874586771291,0,0
Shenzhen,LA,FedEx,31,40,0.44913853714446506,1,9
Taipei,Rotterdam,DHL,27,5,0.3348752761329502,0,0
Penang,Rotterdam,DHL,10,10,0.5337014971765517,0,0
Shenzhen,LA,DHL,16,28,0.45255466194856786,1,12
Shenzhen,LA,Maersk,12,41,0.03674687662355414,1,29
Shenzhen,Rotterdam,FedEx,23,40,0.2604352334235025,1,17
Penang,Chicago,Maersk,21,28,0.2131228001055584,1,7
Taipei,LA,DHL,23,42,0.8674356023210665,1,19
Penang,Rotterdam,FedEx,38,33,0.5988699772268414,0,0
Shenzhen,Rotterdam,DHL,13,41,0.7636831004497274,1,28
Taipei,Chicago,FedEx,22,36,0.9568260377492805,1,14
Penang,LA,FedEx,25,29,0.64403927252641,1,4
Shenzhen,Rotterdam,Maersk,25,14,0.9826099914047444,0,0
Shenzhen,Chicago,FedEx,31,39,0.3117640516521296,1,8
Penang,Rotterdam,DHL,14,29,0.18626718231289385,1,15
Penang,LA,FedEx,29,31,0.40330988799291145,1,2
Penang,Chicago,DHL,34,36,0.470799414935808,1,2
Shenzhen,Rotterdam,Maersk,15,16,0.8953615428525851,1,1
Penang,Chicago,DHL,15,8,0.5599404390366763,0,0
Shenzhen,LA,FedEx,27,30,0.292180999418017,1,3
Penang,Chicago,DHL,15,7,0.7426342828675209,0,0
Shenzhen,LA,DHL,16,21,0.5058319371390709,1,5
Shenzhen,Rotterdam,FedEx,33,13,0.16213194527517016,0,0
Taipei,LA,DHL,39,33,0.5768197875912522,0,0
Penang,Rotterdam,FedEx,33,5,0.9113945368072839,0,0
Penang,Rotterdam,Maersk,25,22,0.8426226174758201,0,0
Shenzhen,LA,DHL,18,24,0.5868099726353311,1,6
Shenzhen,Rotterdam,Maersk,35,38,0.37708317388498813,1,3
Shenzhen,Chicago,DHL,36,32,0.08697875106421116,0,0
Taipei,Rotterdam,DHL,22,39,0.4696489233316238,1,17
Taipei,LA,Maersk,21,20,0.7520794375295792,0,0
Shenzhen,Chicago,DHL,28,25,0.3602737197330106,0,0
Penang,Chicago,DHL,35,17,0.2354468255516644,0,0
Penang,Rotterdam,Maersk,32,39,0.9313797192709534,1,7
Taipei,Rotterdam,DHL,32,36,0.8215557004579924,1,4
Taipei,LA,FedEx,10,42,0.6382756194201447,1,32
Shenzhen,Chicago,DHL,17,10,0.13678334392051938,0,0
Penang,LA,DHL,13,42,0.14490884040617302,1,29
Shenzhen,Rotterdam,DHL,30,42,0.10321959145577897,1,12
Taipei,Chicago,Maersk,39,17,0.6162966668927432,0,0
Penang,LA,FedEx,31,43,0.115562796473336,1,12
Penang,LA,FedEx,28,17,0.842627198862633,0,0
Taipei,LA,DHL,30,16,0.9929650018193221,0,0
Shenzhen,LA,Maersk,35,37,0.36634818470866526,1,2
Shenzhen,LA,Maersk,14,32,0.45366984696709745,1,18
Penang,Chicago,FedEx,26,7,0.7116671769856787,0,0
Taipei,LA,Maersk,12,22,0.9371530063257658,1,10
Penang,Chicago,DHL,28,30,0.8940937735563851,1,2
Taipei,LA,DHL,10,44,0.057591828749848584,1,34
Shenzhen,Rotterdam,Maersk,38,6,0.16907180255676502,0,0
Taipei,Rotterdam,DHL,32,8,0.7545971985577923,0,0
Shenzhen,LA,FedEx,10,32,0.6888931080324473,1,22
Taipei,Rotterdam,DHL,32,32,0.13321859404012326,0,0
Penang,Chicago,Maersk,29,29,0.5020645820015677,0,0
Shenzhen,LA,FedEx,18,30,0.7808146310852956,1,12
Penang,Chicago,DHL,32,6,0.21878068226269365,0,0
Penang,LA,FedEx,14,38,0.8712876357346663,1,24
Shenzhen,Rotterdam,Maersk,16,34,0.05297177482036797,1,18
Shenzhen,Chicago,DHL,34,25,0.7821950850680739,0,0
Penang,Rotterdam,DHL,35,41,0.6158188997898703,1,6
Penang,Rotterdam,FedEx,15,27,0.3151993466543491,1,12
Penang,LA,DHL,26,37,0.7209325483419113,1,11
Penang,Chicago,DHL,31,6,0.7823657951511597,0,0
Shenzhen,Rotterdam,DHL,26,31,0.9338989713039693,1,5
Shenzhen,LA,DHL,22,26,0.3677746721542636,1,4
Penang,LA,Maersk,21,38,0.6860167359799549,1,17
Taipei,LA,DHL,13,20,0.6026162769346909,1,7
Taipei,Rotterdam,FedEx,39,24,0.5252060694570885,0,0
Shenzhen,LA,Maersk,17,30,0.8904164741550379,1,13
Penang,Chicago,FedEx,14,20,0.0031673141384003234,1,6
Penang,Chicago,FedEx,14,10,0.28211160610359765,0,0
Shenzhen,Rotterdam,FedEx,22,27,0.5382772395448301,1,5
Taipei,Chicago,Maersk,35,41,0.17829326163655235,1,6
Taipei,LA,Maersk,20,12,0.9078665337327583,0,0
Taipei,Rotterdam,Maersk,17,10,0.6475951176130154,0,0
Shenzhen,LA,DHL,17,41,0.4778829946319899,1,24
Taipei,Rotterdam,FedEx,10,26,0.8147017590666545,1,16
Shenzhen,Rotterdam,Maersk,22,10,0.4508861914651038,0,0
Shenzhen,LA,FedEx,38,36,0.5586530119300095,0,0
Penang,Chicago,Maersk,14,21,0.0027509955539209985,1,7
Taipei,Chicago,Maersk,37,42,0.36570053019507354,1,5
Shenzhen,Rotterdam,Maersk,30,21,0.13879047235096975,0,0
Taipei,LA,FedEx,17,41,0.689688680662291,1,24
Taipei,LA,DHL,26,27,0.4790269589757338,1,1
Penang,Rotterdam,Maersk,32,17,0.3017575572502308,0,0
Taipei,Chicago,Maersk,32,36,0.4678323393717424,1,4
Penang,LA,Maersk,22,26,0.20962988795134618,1,4
Shenzhen,Chicago,DHL,18,11,0.9250866324861405,0,0
Taipei,Chicago,FedEx,11,26,0.053972632550913,1,15
Shenzhen,Rotterdam,FedEx,28,25,0.8654170352961204,0,0
Taipei,Rotterdam,FedEx,29,10,0.5113587887333509,0,0
Shenzhen,Chicago,FedEx,26,18,0.6189464961388172,0,0
Taipei,LA,Maersk,16,20,0.3026056209087038,1,4
Taipei,LA,DHL,39,7,0.9666976167943213,0,0
Taipei,Rotterdam,Maersk,35,13,0.2818509585194898,0,0
Taipei,Chicago,DHL,12,25,0.5888779971403043,1,13
Taipei,LA,FedEx,28,34,0.9934167051071289,1,6
Taipei,LA,DHL,28,34,0.8810943963834458,1,6
Taipei,Rotterdam,Maersk,33,36,0.5363298252861061,1,3
Taipei,Chicago,Maersk,18,27,0.9903745229672121,1,9
Taipei,LA,FedEx,19,7,0.7013698617326146,0,0
Shenzhen,Rotterdam,Maersk,38,5,0.20870041614180934,0,0
Penang,LA,Maersk,23,7,0.4055962104358064,0,0
Taipei,LA,DHL,27,41,0.334493334011551,1,14
Penang,LA,Maersk,35,11,0.34401370827118916,0,0
Taipei,Rotterdam,FedEx,24,7,0.7604564393598663,0,0
Taipei,Chicago,FedEx,35,40,0.5842629272727936,1,5
Shenzhen,Rotterdam,Maersk,10,7,0.03809271158952854,0,0
Shenzhen,Chicago,FedEx,39,8,0.877448483650976,0,0
Penang,LA,DHL,34,35,0.29679614048016456,1,1
Shenzhen,Chicago,DHL,15,6,0.9970748769131437,0,0
Shenzhen,LA,Maersk,39,18,0.9541907303347857,0,0
Penang,LA,Maersk,24,41,0.9405307166819652,1,17
Shenzhen,Rotterdam,DHL,34,35,0.8111276040639737,1,1
Taipei,LA,FedEx,15,6,0.22061333168354258,0,0
Penang,Rotterdam,Maersk,27,35,0.532632744028782,1,8
Penang,Chicago,Maersk,10,26,0.2243026268249746,1,16
Taipei,Chicago,FedEx,39,14,0.2596754555889492,0,0
Shenzhen,LA,Maersk,33,34,0.6109517694362774,1,1
Penang,Rotterdam,FedEx,12,37,0.04083354535306338,1,25
Penang,LA,FedEx,26,23,0.9694585668207076,0,0
Taipei,Rotterdam,FedEx,25,29,0.9186731725779644,1,4
Taipei,Rotterdam,FedEx,17,5,0.38076757215771984,0,0
Shenzhen,Rotterdam,FedEx,37,36,0.5154224480069131,0,0
Penang,Chicago,DHL,26,29,0.466119419267759,1,3
Shenzhen,Rotterdam,FedEx,17,21,0.8821997786174698,1,4
Shenzhen,Chicago,DHL,26,18,0.688601876316111,0,0
Taipei,Rotterdam,FedEx,34,17,0.27811124742435644,0,0
Penang,Chicago,Maersk,39,42,0.4468412544652969,1,3
Penang,Chicago,DHL,18,43,0.42896597568676376,1,25
Penang,Chicago,Maersk,21,6,0.9593351682839186,0,0
Taipei,LA,FedEx,38,36,0.17531091051463965,0,0
Taipei,Rotterdam,FedEx,34,36,0.08957633729442904,1,2
Taipei,LA,Maersk,28,44,0.8806188321616902,1,16
Taipei,Rotterdam,FedEx,13,10,0.8966859895058709,0,0
Taipei,Rotterdam,Maersk,30,29,0.8717390879121647,0,0
Penang,LA,FedEx,31,7,0.5109769156255564,0,0
Shenzhen,Chicago,FedEx,34,22,0.6597444282694604,0,0
Penang,Rotterdam,DHL,38,42,0.5633630475609839,1,4
Shenzhen,Chicago,Maersk,20,7,0.06944782605440092,0,0
Taipei,LA,FedEx,37,9,0.5958348969007224,0,0
Shenzhen,Chicago,Maersk,13,28,0.013614147256100884,1,15
Penang,Rotterdam,DHL,23,38,0.32498740955708616,1,15
Penang,Rotterdam,Maersk,23,43,0.932292575873167,1,20
Shenzhen,Rotterdam,DHL,15,28,0.3040452696358076,1,13
Taipei,LA,Maersk,38,40,0.9398266426442479,1,2
Taipei,Rotterdam,Maersk,26,32,0.25013395714924425,1,6
Penang,LA,DHL,11,38,0.31456224046153247,1,27
Shenzhen,Chicago,FedEx,17,20,0.6284074964385535,1,3
Taipei,Rotterdam,FedEx,13,40,0.7616269727892948,1,27
Taipei,Rotterdam,FedEx,19,11,0.501387768004884,0,0
Penang,Rotterdam,Maersk,16,22,0.8821156871941555,1,6
Taipei,Chicago,Maersk,13,10,0.04024042161061925,0,0
Shenzhen,Rotterdam,FedEx,25,32,0.9221948386343706,1,7
Penang,LA,Maersk,23,43,0.19630779989540803,1,20
Penang,Chicago,Maersk,25,38,0.8842387450846559,1,13
Shenzhen,Chicago,FedEx,34,33,0.4008631794863805,0,0
Penang,Chicago,DHL,18,8,0.8327570558710377,0,0
Taipei,Chicago,Maersk,13,18,0.6716655498036951,1,5
Taipei,Chicago,Maersk,38,9,0.1759416324782621,0,0
Shenzhen,LA,Maersk,33,29,0.9180475698814484,0,0
Taipei,Chicago,Maersk,15,43,0.24551739048845966,1,28
Shenzhen,Rotterdam,DHL,10,12,0.24414011869499908,1,2
Shenzhen,Chicago,FedEx,16,19,0.8141788966373805,1,3
Taipei,Chicago,Maersk,10,23,0.10587325557252103,1,13
Shenzhen,Chicago,FedEx,28,15,0.22203590637046033,0,0
Taipei,Chicago,Maersk,17,24,0.5036775734210623,1,7
Penang,Chicago,DHL,34,40,0.8304770286866243,1,6
Penang,LA,FedEx,12,22,0.1474839747372675,1,10
Shenzhen,LA,DHL,10,18,0.5476682345123464,1,8
Taipei,Chicago,Maersk,10,42,0.7112405918029395,1,32
Taipei,LA,DHL,16,29,0.8605952247159513,1,13
Penang,Rotterdam,DHL,30,20,0.9355655602022196,0,0
Penang,Chicago,Maersk,22,22,0.7846399144689324,0,0
Taipei,Rotterdam,Maersk,39,5,0.6528283982220019,0,0
Shenzhen,Rotterdam,FedEx,10,44,0.43362008531276586,1,34
Penang,Chicago,Maersk,25,5,0.11211015418841963,0,0
Shenzhen,Rotterdam,FedEx,31,5,0.7097371925255213,0,0
Shenzhen,Rotterdam,DHL,39,25,0.9927373044754869,0,0
Penang,Rotterdam,DHL,31,29,0.7367605947320999,0,0
Shenzhen,Chicago,FedEx,23,31,0.01671109373772628,1,8
Shenzhen,Chicago,Maersk,13,14,0.49625997804183875,1,1
Taipei,Rotterdam,Maersk,32,16,0.6146466324829039,0,0
Shenzhen,Chicago,DHL,32,32,0.689674201102843,0,0
Taipei,Chicago,FedEx,21,36,0.7197258356007086,1,15
Penang,Rotterdam,DHL,34,37,0.558108441216524,1,3
Penang,Chicago,DHL,21,12,0.22336033273424027,0,0
Taipei,LA,Maersk,26,30,0.9422006614765467,1,4
Penang,Chicago,FedEx,30,6,0.6966664676636619,0,0
Shenzhen,LA,DHL,24,39,0.23684003686940946,1,15
Shenzhen,Rotterdam,Maersk,19,38,0.3223218322702729,1,19
Shenzhen,Chicago,DHL,12,10,0.9219276706303697,0,0
Penang,Rotterdam,DHL,32,35,0.8874851867073358,1,3
Shenzhen,Rotterdam,Maersk,29,27,0.4051464383580896,0,0
Penang,Rotterdam,Maersk,29,16,0.03830722199145098,0,0
Shenzhen,Rotterdam,FedEx,38,32,0.048497368893938186,0,0
Taipei,Rotterdam,DHL,21,19,0.28391829091838905,0,0
Penang,Chicago,FedEx,10,23,0.6291222193389995,1,13
Penang,LA,Maersk,10,16,0.5841946353345618,1,6
Shenzhen,Chicago,Maersk,19,6,0.6338277869439427,0,0
Penang,Chicago,DHL,27,15,0.7172829719321067,0,0
Penang,Chicago,FedEx,24,41,0.019032253592738413,1,17
Taipei,Chicago,FedEx,11,42,0.10508559517244287,1,31
Taipei,LA,DHL,26,29,0.35948345182721264,1,3
Shenzhen,Chicago,DHL,17,25,0.15485999752158175,1,8
Taipei,Rotterdam,FedEx,31,40,0.07532004254455416,1,9
Shenzhen,Chicago,Maersk,31,13,0.6409643959973319,0,0
Shenzhen,Chicago,Maersk,35,16,0.815336477491099,0,0
Shenzhen,LA,DHL,35,14,0.7526266574342825,0,0
Penang,LA,FedEx,18,9,0.8170397786091792,0,0
Taipei,Rotterdam,FedEx,30,37,0.6658565440578772,1,7
Shenzhen,Chicago,FedEx,29,9,0.7353453218142022,0,0
Taipei,Chicago,Maersk,20,20,0.2717787742083013,0,0
Shenzhen,Chicago,Maersk,15,41,0.9930080362841643,1,26
Taipei,Rotterdam,FedEx,33,41,0.1831656544938871,1,8
Taipei,LA,FedEx,23,33,0.2144938743893825,1,10
Shenzhen,Rotterdam,DHL,10,22,0.28892183181584685,1,12
Penang,Chicago,DHL,16,33,0.9753324301065789,1,17
Taipei,LA,FedEx,33,10,0.9882885893539061,0,0
Penang,LA,FedEx,18,22,0.7948937497064975,1,4
Penang,Rotterdam,Maersk,20,36,0.6290575985596337,1,16
Shenzhen,LA,FedEx,33,35,0.5200625751846134,1,2
Shenzhen,LA,DHL,32,15,0.9706208456868457,0,0
Shenzhen,Chicago,Maersk,25,30,0.6956228028582475,1,5
Taipei,Chicago,DHL,28,32,0.9447301283260302,1,4
Shenzhen,LA,DHL,11,31,0.3165507994776239,1,20
Shenzhen,LA,Maersk,24,23,0.33377479226956563,0,0
Taipei,Rotterdam,DHL,12,31,0.8547245941184356,1,19
Taipei,Rotterdam,FedEx,13,24,0.14985492058529437,1,11
Shenzhen,LA,DHL,29,7,0.9459278612960758,0,0
Shenzhen,Chicago,Maersk,31,20,0.5074743546634075,0,0
Shenzhen,LA,Maersk,37,43,0.9264138785836977,1,6
Shenzhen,LA,Maersk,16,33,0.3367927887258131,1,17
Penang,Chicago,DHL,21,19,0.715958904139397,0,0
Penang,Chicago,FedEx,13,34,0.48287512197268967,1,21
Shenzhen,Rotterdam,Maersk,19,44,0.626803630245473,1,25
Penang,Rotterdam,FedEx,15,5,0.5043724931391522,0,0
Taipei,Rotterdam,Maersk,34,33,0.9671156173713614,0,0
Penang,Rotterdam,FedEx,39,34,0.6921053978139172,0,0
Penang,Chicago,FedEx,31,44,0.2513189686263154,1,13
Shenzhen,LA,FedEx,23,36,0.9096769219050845,1,13
Penang,Rotterdam,Maersk,12,14,0.29402973815510436,1,2
Penang,Rotterdam,DHL,26,31,0.3716050993008563,1,5
Penang,Chicago,DHL,20,12,0.10212369802021337,0,0
Penang,Chicago,DHL,19,40,0.8999665197961908,1,21
Taipei,LA,FedEx,35,39,0.286112023227863,1,4
Shenzhen,LA,Maersk,38,40,0.25891761793138235,1,2
Shenzhen,Chicago,FedEx,30,40,0.9202625979949539,1,10
Taipei,Rotterdam,Maersk,19,29,0.8055268624050334,1,10
Penang,Rotterdam,FedEx,19,24,0.1410789215193744,1,5
Taipei,Rotterdam,Maersk,12,21,0.7693245039036807,1,9
Penang,LA,Maersk,33,27,0.9130330980537907,0,0
Taipei,Rotterdam,Maersk,35,29,0.07851121821074392,0,0
Shenzhen,Rotterdam,FedEx,24,35,0.8252149949045731,1,11
Shenzhen,Chicago,DHL,26,10,0.547420051873056,0,0
Shenzhen,Rotterdam,FedEx,36,39,0.6691974493788007,1,3
Penang,Chicago,FedEx,27,8,0.4928543389049369,0,0
Penang,Rotterdam,Maersk,28,44,0.6978030849052786,1,16
Taipei,LA,Maersk,28,24,0.034097861666753215,0,0
Taipei,Rotterdam,DHL,21,5,0.7627067232232837,0,0
Shenzhen,Rotterdam,DHL,33,30,0.03334369785895841,0,0
Penang,Chicago,Maersk,14,38,0.45529984774734344,1,24
Taipei,Chicago,DHL,33,14,0.15096499313029488,0,0
Penang,Chicago,DHL,36,27,0.8235742773513072,0,0
Penang,Rotterdam,Maersk,25,28,0.3136609091756686,1,3
Shenzhen,Rotterdam,FedEx,39,17,0.4540935446043325,0,0
Shenzhen,LA,DHL,24,33,0.4287507412983116,1,9
Penang,Rotterdam,Maersk,24,31,0.7725019656847065,1,7
Penang,LA,DHL,36,35,0.4811443597959755,0,0
Penang,Chicago,DHL,15,14,0.7889583350103461,0,0
Penang,Chicago,Maersk,21,35,0.07350827680267524,1,14
Shenzhen,Chicago,DHL,11,43,0.1915939679029951,1,32
Taipei,LA,DHL,36,14,0.5515342496463607,0,0
Shenzhen,Rotterdam,DHL,29,28,0.947088324752695,0,0
Taipei,Chicago,FedEx,18,37,0.07475784672178032,1,19
Penang,Rotterdam,FedEx,13,18,0.04308421615686431,1,5
Taipei,Rotterdam,DHL,14,39,0.15655067492785568,1,25
Shenzhen,Chicago,Maersk,30,38,0.6411531288601565,1,8
Shenzhen,LA,DHL,35,21,0.39899291667024717,0,0
Penang,Rotterdam,DHL,17,25,0.8255523794176862,1,8
Shenzhen,Chicago,FedEx,31,36,0.07193315148136581,1,5
Penang,Rotterdam,FedEx,19,7,0.19641408681470107,0,0
Shenzhen,Rotterdam,FedEx,16,19,0.3000264054648957,1,3
Shenzhen,Rotterdam,DHL,31,12,0.6267300866887853,0,0
Penang,Rotterdam,DHL,23,36,0.6851726903015473,1,13
Taipei,Rotterdam,Maersk,39,42,0.12420329396377383,1,3
Shenzhen,LA,DHL,39,30,0.9438047089917395,0,0
Taipei,LA,DHL,14,34,0.34104413519020915,1,20
Shenzhen,Chicago,FedEx,25,13,0.7131687630002831,0,0
Shenzhen,LA,FedEx,24,36,0.5242077189476988,1,12
Shenzhen,LA,FedEx,14,15,0.22275811354710662,1,1
Shenzhen,LA,FedEx,12,26,0.8462283231154111,1,14
Taipei,Rotterdam,FedEx,32,38,0.8182380281919299,1,6
Taipei,Rotterdam,Maersk,38,22,0.3960718539166901,0,0
Shenzhen,Chicago,Maersk,19,23,0.5886075856938554,1,4
Shenzhen,Chicago,Maersk,14,22,0.25782569593593974,1,8
Taipei,Chicago,FedEx,32,41,0.6898516287463015,1,9
Penang,Rotterdam,FedEx,24,22,0.3090268126204314,0,0
Penang,LA,FedEx,27,16,0.8440787343822349,0,0
Taipei,LA,Maersk,34,8,0.2173851042772743,0,0
Shenzhen,Rotterdam,FedEx,17,31,0.01480342281846414,1,14
Shenzhen,Chicago,Maersk,30,9,0.26850804196791844,0,0
Penang,Chicago,FedEx,11,10,0.1910524864594867,0,0
Penang,Chicago,DHL,31,17,0.5082864397249243,0,0
Taipei,Rotterdam,Maersk,17,27,0.2037032916565763,1,10
Penang,Chicago,DHL,32,29,0.7631898707194947,0,0
Taipei,Chicago,Maersk,17,8,0.24137063800400393,0,0
Penang,Rotterdam,FedEx,13,36,0.7069681799126557,1,23
Penang,LA,FedEx,39,19,0.578470923013724,0,0
Penang,Rotterdam,DHL,28,30,0.9862498564718843,1,2
Shenzhen,Rotterdam,FedEx,32,15,0.9999009770092316,0,0
Shenzhen,Rotterdam,Maersk,27,13,0.86952608331733,0,0
Shenzhen,Rotterdam,FedEx,39,15,0.7599833692987511,0,0
Penang,LA,FedEx,30,6,0.38645641400057373,0,0
Taipei,Chicago,Maersk,38,31,0.7532767271313036,0,0
Taipei,Rotterdam,DHL,32,30,0.9566755370794907,0,0
Taipei,LA,DHL,10,12,0.02337757539544416,1,2
Taipei,Chicago,FedEx,29,25,0.5379147001977388,0,0
Shenzhen,Chicago,Maersk,24,25,0.2179983043884346,1,1
Shenzhen,Chicago,DHL,27,12,0.5578763158688504,0,0
Penang,Rotterdam,DHL,31,5,0.46644708975889115,0,0
Penang,Rotterdam,FedEx,21,42,0.5757685815522844,1,21
Taipei,Chicago,Maersk,10,17,0.5509622214187242,1,7
Shenzhen,Chicago,DHL,16,13,0.960107039168562,0,0
Taipei,Chicago,FedEx,28,32,0.5521861089347361,1,4
Penang,Chicago,FedEx,37,10,0.8462320881248673,0,0
Penang,Chicago,FedEx,10,27,0.3198202868008465,1,17
Taipei,Chicago,FedEx,33,40,0.4381006887910489,1,7
Penang,LA,DHL,16,21,0.4704134760448099,1,5
Taipei,Chicago,Maersk,11,13,0.2787280433353797,1,2
Shenzhen,Rotterdam,FedEx,16,16,0.37979026147795525,0,0
Taipei,Rotterdam,FedEx,28,26,0.5985130794667752,0,0
Shenzhen,Rotterdam,DHL,22,16,0.5801877633045324,0,0
Shenzhen,Chicago,FedEx,34,10,0.6364353445734805,0,0
Penang,Rotterdam,FedEx,33,13,0.35181791542014107,0,0
Penang,LA,Maersk,14,41,0.3158314951530571,1,27
Penang,Chicago,FedEx,32,7,0.6116178827541631,0,0
Taipei,Rotterdam,DHL,28,38,0.13286174842752496,1,10
Taipei,LA,Maersk,10,12,0.25303154353213997,1,2
Penang,LA,DHL,10,14,0.04212773695299521,1,4
Taipei,Rotterdam,Maersk,36,13,0.07261085259608013,0,0
Penang,LA,Maersk,27,18,0.24338327926060888,0,0
Taipei,Rotterdam,FedEx,33,41,0.019529280296919027,1,8
Shenzhen,LA,FedEx,10,31,0.24541059208746152,1,21
Shenzhen,Chicago,FedEx,36,36,0.654976323062026,0,0
Penang,Chicago,DHL,37,8,0.06110707846893304,0,0
Taipei,Chicago,FedEx,14,6,0.436736677794641,0,0
Taipei,Chicago,FedEx,18,37,0.9131087869195494,1,19
Shenzhen,Chicago,Maersk,21,25,0.791284828925401,1,4
Shenzhen,Rotterdam,FedEx,18,5,0.3054375022948572,0,0
Penang,Chicago,FedEx,27,15,0.924805479191647,0,0
Shenzhen,Chicago,FedEx,32,5,0.32964649674772484,0,0
Penang,Chicago,FedEx,20,15,0.07251549633756249,0,0
Shenzhen,Chicago,Maersk,10,11,0.9940559567681135,1,1
Shenzhen,LA,FedEx,28,6,0.8700225271891717,0,0
Taipei,Chicago,Maersk,31,19,0.46593278330109233,0,0
Shenzhen,Chicago,DHL,34,12,0.6663765241924039,0,0
Shenzhen,Rotterdam,FedEx,19,30,0.6712280778566702,1,11
Penang,LA,FedEx,11,44,0.19448223073046034,1,33
Shenzhen,Rotterdam,FedEx,16,39,0.2000486331536323,1,23
Penang,Chicago,Maersk,29,25,0.4695807033518258,0,0
Shenzhen,Rotterdam,FedEx,11,42,0.911573140137698,1,31
Shenzhen,Rotterdam,FedEx,28,12,0.00999377485857078,0,0
Penang,Chicago,DHL,15,36,0.7825056359493593,1,21
Taipei,LA,Maersk,19,12,0.05752678371465414,0,0
Penang,LA,Maersk,18,14,0.47822211488311783,0,0
Penang,Rotterdam,DHL,17,27,0.6378728330734764,1,10
Penang,Chicago,Maersk,35,8,0.6867592670824648,0,0
Taipei,Rotterdam,FedEx,39,42,0.05847926361591138,1,3
Shenzhen,Rotterdam,FedEx,20,34,0.41860361738396823,1,14
Penang,Rotterdam,DHL,18,27,0.5838372605023247,1,9
Penang,Chicago,Maersk,29,9,0.06604553730600693,0,0
Taipei,Chicago,Maersk,37,25,0.13509455659530978,0,0
Penang,LA,Maersk,29,10,0.6636489895040385,0,0
Shenzhen,Chicago,DHL,18,21,0.5216381965906517,1,3
Taipei,Rotterdam,FedEx,17,29,0.16182866126829054,1,12
Shenzhen,Rotterdam,DHL,37,28,0.5352393369147335,0,0
Shenzhen,LA,FedEx,24,26,0.9126923734444158,1,2
Taipei,Chicago,DHL,11,17,0.015587584775363927,1,6
Penang,Rotterdam,FedEx,33,21,0.6426337734858546,0,0
Shenzhen,LA,Maersk,10,18,0.07365043460534193,1,8
Shenzhen,LA,Maersk,18,38,0.006449442964700847,1,20
Shenzhen,Rotterdam,Maersk,18,30,0.1506544886606338,1,12
Shenzhen,Rotterdam,DHL,22,23,0.4229066318539193,1,1
Taipei,Chicago,DHL,17,30,0.802343998981953,1,13
Taipei,LA,DHL,36,7,0.28178549660455865,0,0
Shenzhen,Rotterdam,Maersk,30,6,0.6256732123887586,0,0
Penang,LA,FedEx,14,32,0.41115663795530666,1,18
Shenzhen,Chicago,Maersk,38,6,0.23433179196600795,0,0
Penang,Rotterdam,Maersk,12,26,0.5142471142828586,1,14
Shenzhen,Chicago,FedEx,30,11,0.7974644903726232,0,0
Penang,LA,FedEx,13,8,0.8324923700561442,0,0
Shenzhen,Chicago,FedEx,26,42,0.8465195318772367,1,16
Penang,Chicago,FedEx,25,43,0.3385578125549794,1,18
Shenzhen,LA,Maersk,25,24,0.793456064715753,0,0
Shenzhen,Chicago,DHL,34,10,0.21217845510890787,0,0
Penang,LA,Maersk,35,13,0.7384251012428833,0,0
Taipei,Rotterdam,FedEx,39,35,0.9483844262726167,0,0
Penang,LA,DHL,29,30,0.01374383469095719,1,1
Taipei,LA,DHL,12,40,0.440363931178798,1,28
Shenzhen,Rotterdam,Maersk,15,30,0.6477709884140046,1,15
Penang,LA,Maersk,10,32,0.701775770487553,1,22
Penang,Rotterdam,Maersk,30,9,0.1760877582692022,0,0
Penang,Rotterdam,DHL,25,14,0.9721832752385928,0,0
Taipei,LA,DHL,24,22,0.615265367970973,0,0
Taipei,Chicago,DHL,16,19,0.16434060122826777,1,3
Shenzhen,Chicago,FedEx,11,37,0.02052251171251529,1,26
Taipei,Rotterdam,FedEx,19,9,0.7832641987897759,0,0
Taipei,Chicago,Maersk,34,41,0.07970473944545908,1,7
Shenzhen,Chicago,DHL,37,44,0.14105092107023653,1,7
Penang,LA,Maersk,24,26,0.5748300268556906,1,2
Penang,Rotterdam,DHL,15,26,0.6035055034496197,1,11
Shenzhen,Rotterdam,Maersk,11,26,0.6868871185923985,1,15
Penang,LA,FedEx,33,19,0.39351401266362074,0,0
Taipei,Chicago,DHL,33,21,0.7738986689668229,0,0
Shenzhen,Rotterdam,FedEx,26,32,0.9743585996158887,1,6
Shenzhen,Chicago,DHL,37,26,0.271094943079883,0,0
Shenzhen,Rotterdam,Maersk,10,25,0.7030286165379459,1,15
Penang,Rotterdam,DHL,10,21,0.9284686523951569,1,11
Shenzhen,Rotterdam,FedEx,37,9,0.6862867626170427,0,0
Shenzhen,Rotterdam,DHL,13,22,0.6811094986442595,1,9
Shenzhen,Chicago,Maersk,29,21,0.2237725690852066,0,0
Penang,Chicago,DHL,25,8,0.5351302003196929,0,0
Taipei,Chicago,FedEx,17,11,0.5625228436045802,0,0
Shenzhen,Chicago,Maersk,10,29,0.7001295624559528,1,19
Taipei,LA,FedEx,35,41,0.9968214498961826,1,6
Penang,Rotterdam,DHL,28,44,0.03364382254376208,1,16
Penang,Rotterdam,FedEx,20,44,0.06523266126748684,1,24
Penang,Rotterdam,DHL,26,13,0.07795006943091876,0,0
Penang,LA,Maersk,34,23,0.7429791344889568,0,0
Taipei,Chicago,FedEx,19,13,0.13635379511075751,0,0
Shenzhen,Rotterdam,FedEx,21,27,0.6224518744903452,1,6
Penang,Chicago,DHL,18,35,0.32466887789345844,1,17
Penang,Chicago,FedEx,16,36,0.457319956210711,1,20
Taipei,LA,FedEx,38,35,0.2156631598174139,0,0
Taipei,LA,Maersk,21,21,0.8661065613045421,0,0
Penang,Chicago,DHL,24,43,0.5861503241630264,1,19
Shenzhen,Rotterdam,DHL,17,26,0.9445632635822526,1,9
Shenzhen,Rotterdam,Maersk,26,39,0.5745962497043295,1,13
Penang,LA,Maersk,14,34,0.12390803059694666,1,20
Taipei,LA,DHL,23,44,0.17087043383847544,1,21
Penang,LA,Maersk,11,41,0.9890739763678472,1,30
Penang,LA,Maersk,25,30,0.7255651973308678,1,5
Taipei,LA,Maersk,38,10,0.04927875002908966,0,0
Penang,LA,DHL,26,38,0.7037810050346648,1,12
Penang,LA,Maersk,12,36,0.41217304680961164,1,24
Penang,Rotterdam,FedEx,32,29,0.3072083868231905,0,0
Taipei,LA,FedEx,10,17,0.15406079373053427,1,7
Shenzhen,LA,DHL,36,42,0.8399039545565656,1,6
Shenzhen,Rotterdam,Maersk,27,42,0.0638413789891007,1,15
Taipei,Rotterdam,FedEx,27,6,0.2898354623796403,0,0
Shenzhen,Chicago,DHL,13,9,0.3063828938257044,0,0
Penang,LA,FedEx,24,15,0.16090528396350035,0,0
Shenzhen,LA,Maersk,37,15,0.5081848832868703,0,0
Penang,LA,DHL,28,28,0.011702626810892625,0,0
Shenzhen,LA,FedEx,28,18,0.3009755154104091,0,0
Taipei,Chicago,DHL,19,34,0.933629444033064,1,15
Shenzhen,Rotterdam,FedEx,14,44,0.3105295693420057,1,30
Shenzhen,Rotterdam,FedEx,28,39,0.3604593871067516,1,11
Shenzhen,LA,Maersk,20,25,0.4731650482340716,1,5
Taipei,LA,Maersk,16,9,0.5616933748514747,0,0
Shenzhen,LA,FedEx,14,42,0.808708644820744,1,28
Taipei,Chicago,DHL,29,6,0.19032122315601763,0,0
Penang,Chicago,DHL,21,44,0.8717463771925572,1,23
Shenzhen,Rotterdam,Maersk,28,41,0.7575493571438894,1,13
Taipei,LA,FedEx,24,38,0.7226503346615553,1,14
Taipei,LA,Maersk,21,15,0.08680457371463524,0,0
Shenzhen,LA,FedEx,13,40,0.02164068997458468,1,27
Penang,LA,FedEx,39,15,0.594012700908084,0,0
Taipei,Chicago,Maersk,21,13,0.8631339625231612,0,0
Shenzhen,Rotterdam,DHL,27,10,0.5844414641406359,0,0
Penang,Rotterdam,Maersk,26,38,0.21323486544553083,1,12
Taipei,Chicago,FedEx,28,41,0.09051989794921322,1,13
Taipei,LA,Maersk,25,36,0.699596452817735,1,11
Penang,Rotterdam,DHL,20,16,0.7217702773178095,0,0
Penang,Rotterdam,DHL,11,36,0.17253170068710866,1,25
Shenzhen,Chicago,FedEx,25,21,0.028190315496536278,0,0
Shenzhen,LA,Maersk,10,8,0.408283513223197,0,0
Taipei,Rotterdam,DHL,26,37,0.5827187021330221,1,11
Penang,LA,Maersk,27,13,0.7060024095671912,0,0
Penang,Rotterdam,DHL,38,38,0.8099450091529028,0,0
Penang,Chicago,FedEx,38,43,0.6105374273067323,1,5
Taipei,LA,FedEx,34,34,0.11088060859848503,0,0
Penang,Chicago,Maersk,38,24,0.6825816721424148,0,0
Penang,Rotterdam,FedEx,22,43,0.984176642894882,1,21
Taipei,Chicago,DHL,14,27,0.9055845845974039,1,13
Shenzhen,Chicago,FedEx,34,39,0.8716689092695127,1,5
Shenzhen,Chicago,DHL,33,27,0.30217015335834085,0,0
Taipei,Rotterdam,DHL,38,43,0.7507881764540006,1,5
Penang,LA,FedEx,36,27,0.8511034459651455,0,0
Taipei,Chicago,DHL,15,41,0.6783262046312631,1,26
Shenzhen,LA,DHL,10,27,0.2505617565679805,1,17
Shenzhen,Rotterdam,Maersk,19,43,0.9538339718749583,1,24
Taipei,LA,Maersk,14,32,0.4508194114586759,1,18
Taipei,Chicago,Maersk,37,23,0.1298055586658794,0,0
Shenzhen,Chicago,FedEx,10,34,0.109777895057392,1,24
Taipei,Chicago,Maersk,32,25,0.6475189872990458,0,0
Shenzhen,Chicago,DHL,35,28,0.43770964641673915,0,0
Taipei,Chicago,FedEx,39,25,0.09448387517896362,0,0
Taipei,Chicago,FedEx,20,30,0.7403645721560946,1,10
Taipei,Rotterdam,FedEx,33,40,0.7993251672586197,1,7
Shenzhen,Rotterdam,FedEx,33,30,0.7254156307864513,0,0
Taipei,Rotterdam,DHL,16,37,0.2022608776840129,1,21
Shenzhen,LA,DHL,27,40,0.6897754559960694,1,13
Shenzhen,LA,Maersk,30,8,0.010722802894385097,0,0
Taipei,Rotterdam,FedEx,29,13,0.3051121396784092,0,0
Taipei,LA,Maersk,30,12,0.39882153140754373,0,0
Shenzhen,LA,DHL,19,6,0.8352469488855016,0,0
Shenzhen,Chicago,FedEx,34,33,0.3903943730694043,0,0
Penang,Chicago,DHL,24,27,0.011269446189398291,1,3
Shenzhen,LA,Maersk,13,10,0.3523464118280094,0,0
Penang,LA,DHL,25,40,0.4989240983592872,1,15
Penang,Rotterdam,FedEx,24,25,0.9490047866727734,1,1
Penang,LA,FedEx,24,26,0.9410343037895448,1,2
Taipei,Chicago,Maersk,21,13,0.18087403822141157,0,0
Taipei,LA,FedEx,17,38,0.18514654173945155,1,21
Shenzhen,Rotterdam,DHL,17,30,0.1633814564645505,1,13
Penang,Chicago,DHL,27,5,0.7889219324141032,0,0
Taipei,Chicago,DHL,39,40,0.006022040368406367,1,1
Taipei,Chicago,DHL,15,9,0.12717719819187734,0,0
Taipei,Chicago,Maersk,14,26,0.537959631644099,1,12
Taipei,LA,DHL,11,8,0.24756206688676552,0,0
Taipei,Rotterdam,Maersk,21,6,0.09235645823926208,0,0
Penang,LA,DHL,35,20,0.3598780123338343,0,0
Penang,LA,Maersk,13,20,0.2742076050602448,1,7
Penang,Chicago,DHL,32,26,0.5111043065142845,0,0
Penang,Rotterdam,DHL,22,5,0.9792335938301958,0,0
Shenzhen,Chicago,Maersk,26,19,0.12430463681491843,0,0
Penang,LA,FedEx,25,28,0.3727267048340943,1,3
Taipei,LA,FedEx,18,8,0.9319850178724747,0,0
Penang,Chicago,FedEx,35,22,0.8768730434938226,0,0
Shenzhen,LA,Maersk,37,21,0.3942710347842806,0,0
Taipei,LA,FedEx,10,11,0.6989532645197365,1,1
Penang,Chicago,FedEx,24,14,0.08785701358134557,0,0
Penang,LA,Maersk,21,5,0.7125410555436151,0,0
Penang,Rotterdam,FedEx,14,6,0.9728577294847415,0,0
Taipei,Chicago,FedEx,32,26,0.5374881528341916,0,0
Taipei,Rotterdam,FedEx,33,36,0.49849022703441426,1,3
Shenzhen,LA,Maersk,27,33,0.18731861970191033,1,6
Taipei,LA,Maersk,29,39,0.6337881989072919,1,10
Taipei,Chicago,FedEx,11,21,0.5904372807789149,1,10
Penang,LA,FedEx,13,16,0.6519330594757505,1,3
Taipei,Chicago,Maersk,24,28,0.026083286684721818,1,4
Penang,Chicago,FedEx,15,34,0.5487234883490736,1,19
Penang,Chicago,Maersk,31,34,0.594934843497373,1,3
Taipei,Chicago,FedEx,21,24,0.20753013541280219,1,3
Shenzhen,Chicago,Maersk,38,11,0.20833285748853603,0,0
Shenzhen,Rotterdam,DHL,27,42,0.2762181685109498,1,15
Taipei,Chicago,DHL,36,11,0.7117215917272376,0,0
Shenzhen,Rotterdam,Maersk,29,34,0.6062660635323717,1,5
Penang,LA,DHL,13,16,0.8457626461178046,1,3
Penang,Chicago,FedEx,39,35,0.2956585718430982,0,0
Taipei,LA,Maersk,10,22,0.9120680598883183,1,12
Shenzhen,Chicago,Maersk,24,6,0.7437061619833584,0,0
Shenzhen,Rotterdam,FedEx,39,37,0.39501167001369697,0,0
Penang,Rotterdam,FedEx,27,15,0.09526206562545592,0,0
Taipei,Rotterdam,Maersk,23,38,0.2569836624874825,1,15
Shenzhen,LA,FedEx,12,20,0.9567682172148503,1,8
Taipei,Chicago,Maersk,38,39,0.31036337588407936,1,1
Shenzhen,LA,FedEx,24,37,0.32990096014906445,1,13
Penang,Rotterdam,Maersk,36,25,0.18958893109771702,0,0
Penang,LA,FedEx,14,24,0.8068506011387654,1,10
Taipei,Rotterdam,FedEx,36,12,0.27564423024227735,0,0
Penang,Rotterdam,DHL,33,30,0.33025824836885564,0,0
Shenzhen,Rotterdam,DHL,31,37,0.4143481084316266,1,6
Penang,Chicago,DHL,12,30,0.4337282797746097,1,18
Taipei,Chicago,FedEx,31,41,0.4113407904150217,1,10
Taipei,Rotterdam,Maersk,16,34,0.5037436953747286,1,18
Taipei,LA,FedEx,15,35,0.8145128796164033,1,20
Shenzhen,LA,DHL,35,37,0.819285040742022,1,2
Shenzhen,Chicago,FedEx,31,15,0.7983131337633469,0,0
Shenzhen,Rotterdam,DHL,10,9,0.10112483911648751,0,0
Shenzhen,LA,DHL,28,6,0.7996788032748141,0,0
Shenzhen,Rotterdam,Maersk,16,17,0.12025177348657679,1,1
Penang,LA,Maersk,13,22,0.12472377005225799,1,9
Shenzhen,Chicago,DHL,21,30,0.9478627716349608,1,9
Shenzhen,Rotterdam,DHL,29,29,0.8193978447055413,0,0
Penang,Rotterdam,FedEx,32,18,0.5524104668680087,0,0
Shenzhen,LA,DHL,34,9,0.8749702044778621,0,0
Taipei,LA,FedEx,39,6,0.9893646425518628,0,0
Shenzhen,LA,DHL,36,8,0.6106420666317776,0,0
Shenzhen,Rotterdam,Maersk,38,16,0.612898436981518,0,0
Taipei,Chicago,Maersk,38,15,0.754427029159928,0,0
Taipei,Chicago,DHL,27,8,0.23213895236533277,0,0
Taipei,LA,FedEx,18,13,0.16712486151879935,0,0
Taipei,Chicago,FedEx,28,14,0.7595807500150725,0,0
Shenzhen,LA,FedEx,31,31,0.3449047949941023,0,0
Taipei,Chicago,DHL,13,10,0.135070356305934,0,0
Taipei,Rotterdam,DHL,10,19,0.31487772591774976,1,9
Penang,LA,Maersk,18,35,0.3586368678745754,1,17
Taipei,Chicago,Maersk,36,26,0.9652276595056907,0,0
Taipei,Rotterdam,DHL,24,10,0.6979597110879232,0,0
Penang,Chicago,Maersk,31,37,0.5308563173997339,1,6
Penang,Rotterdam,FedEx,17,33,0.9688731386826049,1,16
Shenzhen,Rotterdam,FedEx,24,25,0.9031397404741807,1,1
Penang,Chicago,DHL,24,34,0.5120008566141597,1,10
Shenzhen,Chicago,FedEx,27,25,0.9056796353769807,0,0
Penang,Rotterdam,DHL,16,40,0.4043046580626566,1,24
Penang,Rotterdam,FedEx,31,26,0.23042066535662464,0,0
Shenzhen,Rotterdam,DHL,27,24,0.23267817682208514,0,0
Penang,LA,FedEx,25,26,0.6623155244421267,1,1
Shenzhen,Rotterdam,FedEx,11,44,0.5010703207072771,1,33
Penang,LA,Maersk,13,15,0.6589508470054467,1,2
Taipei,Rotterdam,Maersk,29,35,0.6860759642621699,1,6
Penang,LA,Maersk,25,44,0.022322872897717616,1,19
Shenzhen,Rotterdam,Maersk,12,17,0.05403959234790234,1,5
Penang,Rotterdam,Maersk,33,22,0.5326777265912499,0,0
Shenzhen,Rotterdam,Maersk,39,26,0.1910354777600769,0,0
Shenzhen,Chicago,DHL,32,21,0.6325337688044397,0,0
Taipei,Chicago,DHL,11,42,0.5521857391706481,1,31
Taipei,Rotterdam,Maersk,12,29,0.5857603583708912,1,17
Shenzhen,LA,DHL,35,36,0.3024553798310107,1,1
Penang,LA,Maersk,34,19,0.6398435062778967,0,0
Shenzhen,Rotterdam,DHL,38,17,0.829492636485023,0,0
Shenzhen,Chicago,FedEx,14,30,0.9980712535922371,1,16
Penang,LA,DHL,11,15,0.8384443861722143,1,4
Penang,Chicago,DHL,28,17,0.5574987596799474,0,0
Penang,LA,DHL,33,37,0.19342959167995655,1,4
Penang,Rotterdam,FedEx,29,41,0.6814458761198209,1,12
Shenzhen,Chicago,Maersk,39,42,0.9376537855579782,1,3
Shenzhen,LA,DHL,11,5,0.2118665397323024,0,0
Taipei,Rotterdam,DHL,11,43,0.2559956205265771,1,32
Shenzhen,Rotterdam,FedEx,31,31,0.14900854341165115,0,0
Penang,Rotterdam,Maersk,33,40,0.7367216436264017,1,7
Taipei,Chicago,DHL,32,36,0.40656150342365927,1,4
Penang,Chicago,FedEx,29,19,0.06269563888638408,0,0
Shenzhen,Rotterdam,Maersk,27,35,0.8749499914902802,1,8
Taipei,Chicago,Maersk,34,10,0.5576719047025667,0,0
Penang,LA,DHL,29,29,0.3310942920003558,0,0
Taipei,Rotterdam,DHL,34,22,0.34398297606109696,0,0
Taipei,Rotterdam,DHL,30,26,0.29025122019090677,0,0
Shenzhen,Chicago,DHL,23,35,0.4554801723926418,1,12
Penang,Rotterdam,FedEx,37,40,0.337041688488145,1,3
Taipei,LA,FedEx,24,13,0.5479463040706094,0,0
Taipei,Chicago,DHL,21,7,0.7735172522712942,0,0
Penang,Chicago,Maersk,20,37,0.6744612834443735,1,17
Taipei,Rotterdam,DHL,20,31,0.2944568927541171,1,11
Taipei,Rotterdam,Maersk,39,5,0.5287410115397793,0,0
Taipei,Rotterdam,Maersk,16,13,0.8401261599122508,0,0
Penang,Chicago,Maersk,21,9,0.06820623474272547,0,0
Penang,Rotterdam,FedEx,25,19,0.07829726698690476,0,0
Penang,LA,Maersk,14,13,0.5561700680497534,0,0
Penang,Rotterdam,Maersk,11,32,0.6391151283898032,1,21
Shenzhen,Rotterdam,FedEx,31,17,0.2114130157759041,0,0
Taipei,Chicago,Maersk,25,28,0.745220126691518,1,3
Penang,Rotterdam,Maersk,32,14,0.6462633770407274,0,0
Taipei,Chicago,DHL,39,26,0.9232892682362864,0,0
Taipei,Rotterdam,Maersk,24,43,0.1689542018585367,1,19
Shenzhen,LA,Maersk,20,26,0.7513742653580107,1,6
Penang,LA,Maersk,38,41,0.08364309058326702,1,3
Penang,Chicago,Maersk,15,43,0.5652924095178975,1,28
Taipei,Chicago,Maersk,22,24,0.5518951394991458,1,2
Penang,Rotterdam,FedEx,39,14,0.3883850446467406,0,0
Taipei,Rotterdam,Maersk,28,14,0.8445711476685672,0,0
Taipei,LA,Maersk,19,30,0.004370644786012234,1,11
Shenzhen,Rotterdam,FedEx,33,29,0.5201794018985207,0,0
Shenzhen,LA,FedEx,28,32,0.21715354983518742,1,4
Shenzhen,Chicago,Maersk,39,17,0.7434986191164329,0,0
Taipei,Rotterdam,Maersk,14,19,0.04306742630609717,1,5
Penang,Chicago,Maersk,34,10,0.8315546881815776,0,0
Shenzhen,Rotterdam,DHL,36,16,0.8380922267069515,0,0
Penang,LA,DHL,30,23,0.8328660124035029,0,0
Shenzhen,Chicago,Maersk,16,36,0.15256852673266985,1,20
Shenzhen,Chicago,FedEx,20,15,0.6304065185610449,0,0
Taipei,Rotterdam,Maersk,23,42,0.014367359183389605,1,19
Shenzhen,Chicago,FedEx,32,37,0.8479625912891998,1,5
Shenzhen,LA,FedEx,30,6,0.7229751935086205,0,0
Taipei,Chicago,FedEx,25,19,0.5311537308992527,0,0
Penang,Chicago,Maersk,27,40,0.7305914330966171,1,13
Shenzhen,Rotterdam,Maersk,30,9,0.09432409665177222,0,0
Taipei,Chicago,FedEx,32,19,0.5286558321768563,0,0
Shenzhen,Rotterdam,DHL,32,14,0.29127649181644544,0,0
Taipei,Rotterdam,DHL,13,21,0.972619463222973,1,8
Penang,Chicago,DHL,10,38,0.8571179506239017,1,28
Penang,LA,FedEx,31,28,0.7332756958339769,0,0
Taipei,Rotterdam,Maersk,38,14,0.9337476352497319,0,0
Taipei,Chicago,FedEx,24,34,0.34684330456547374,1,10
Taipei,Rotterdam,DHL,23,7,0.9008798989881812,0,0
Penang,LA,Maersk,28,41,0.3252382321067103,1,13
Shenzhen,LA,FedEx,36,7,0.732796719691153,0,0
Penang,Rotterdam,FedEx,14,44,0.7364169117764491,1,30
Taipei,LA,DHL,13,9,0.018349876454093472,0,0
Taipei,Chicago,FedEx,22,32,0.3610596982781952,1,10
Penang,Chicago,Maersk,27,18,0.019432672408497886,0,0
Taipei,Rotterdam,DHL,21,43,0.9970920176102486,1,22
Penang,LA,DHL,32,15,0.122196761829238,0,0
Taipei,Chicago,Maersk,39,12,0.5428108956481094,0,0
Shenzhen,Chicago,DHL,30,41,0.7905562387626373,1,11
Shenzhen,Chicago,FedEx,24,12,0.20126360226089246,0,0
Taipei,Rotterdam,FedEx,39,16,0.48505266809547265,0,0
Penang,Rotterdam,DHL,32,19,0.6074287609211508,0,0
Shenzhen,Chicago,Maersk,18,23,0.16020475439554538,1,5
Penang,Chicago,FedEx,13,32,0.7785554599115385,1,19
Taipei,LA,Maersk,14,11,0.2993364571893653,0,0
Penang,LA,FedEx,18,44,0.21102307633884032,1,26
Shenzhen,LA,FedEx,22,11,0.5582887464374169,0,0
Penang,Rotterdam,DHL,19,34,0.4103136276429379,1,15
Penang,Chicago,DHL,36,22,0.9202859446364178,0,0
Taipei,Rotterdam,Maersk,25,28,0.880062698198154,1,3
Taipei,Chicago,DHL,39,10,0.4833506633888832,0,0
Taipei,LA,FedEx,22,8,0.35926377472559756,0,0
Shenzhen,LA,FedEx,13,7,0.3255179816312652,0,0
Shenzhen,LA,Maersk,30,10,0.2675636230815074,0,0
Taipei,LA,Maersk,22,30,0.5445478537124773,1,8
Taipei,Chicago,FedEx,30,42,0.8049786047345435,1,12
Shenzhen,LA,DHL,17,15,0.31075660820355777,0,0
Shenzhen,Chicago,DHL,22,33,0.1900940896880815,1,11
Shenzhen,Chicago,Maersk,24,24,0.4754838061832868,0,0
Shenzhen,Rotterdam,Maersk,29,14,0.06903441679766653,0,0
Taipei,LA,FedEx,29,30,0.7012790061297068,1,1
Shenzhen,LA,FedEx,22,31,0.5183582663019336,1,9
Taipei,Rotterdam,Maersk,32,18,0.49637480797285416,0,0
Penang,Chicago,FedEx,36,40,0.3004453795500225,1,4
Penang,LA,Maersk,14,16,0.9046734375317367,1,2
Shenzhen,Chicago,Maersk,31,27,0.0904862918495527,0,0
Penang,Rotterdam,DHL,31,25,0.8698240088870314,0,0
Penang,Chicago,Maersk,37,12,0.37670520241592265,0,0
Penang,LA,FedEx,15,43,0.8806235159750223,1,28
Shenzhen,Chicago,DHL,39,13,0.7287614583323836,0,0
Shenzhen,Chicago,DHL,35,28,0.1041707266620383,0,0
Penang,LA,FedEx,14,35,0.8315362865093536,1,21
Taipei,LA,FedEx,22,29,0.6821768336995051,1,7
Penang,Chicago,FedEx,38,21,0.03230191291534845,0,0
Shenzhen,Chicago,Maersk,14,33,0.13370268210966996,1,19
Shenzhen,Rotterdam,DHL,34,7,0.6356280558356951,0,0
Shenzhen,LA,Maersk,22,25,0.6626005028802849,1,3
Penang,Chicago,Maersk,33,12,0.746651432837595,0,0
Taipei,LA,Maersk,29,18,0.7202454007749819,0,0
Shenzhen,Rotterdam,Maersk,32,43,0.6595199546699549,1,11
Shenzhen,Chicago,DHL,17,20,0.7662389017464225,1,3
Penang,Chicago,DHL,37,22,0.5750857058923728,0,0
Taipei,Chicago,Maersk,18,35,0.2607913855244549,1,17
Penang,LA,FedEx,30,15,0.9123766137307182,0,0
Shenzhen,Rotterdam,DHL,28,42,0.01821403093197793,1,14
Taipei,LA,Maersk,38,24,0.3665617198714902,0,0
Taipei,Chicago,FedEx,29,8,0.7288702930971633,0,0
Shenzhen,Rotterdam,FedEx,24,24,0.4271560411496743,0,0
Taipei,Chicago,Maersk,35,35,0.02483440748001431,0,0
Taipei,Chicago,DHL,31,24,0.06598090311621319,0,0
Penang,LA,FedEx,19,15,0.6486373691382886,0,0
Shenzhen,Chicago,DHL,20,5,0.9648645994052997,0,0
Shenzhen,Rotterdam,DHL,14,22,0.5518636358344989,1,8
Shenzhen,Chicago,FedEx,18,43,0.5067578180237691,1,25
Shenzhen,Chicago,Maersk,38,37,0.31832521305626726,0,0
Shenzhen,LA,FedEx,20,40,0.25669067386606315,1,20
Taipei,Rotterdam,FedEx,36,22,0.020984981756284715,0,0
Penang,LA,DHL,39,35,0.27295486764047117,0,0
Shenzhen,Chicago,Maersk,28,39,0.4491104408652524,1,11
Penang,LA,DHL,11,43,0.19794978304895017,1,32
Penang,LA,FedEx,15,42,0.08734798848142922,1,27
Taipei,LA,Maersk,38,19,0.7177278672546026,0,0
Shenzhen,LA,Maersk,32,10,0.8946202690680671,0,0
Taipei,Chicago,Maersk,30,12,0.9367720696870856,0,0
Shenzhen,Chicago,Maersk,10,44,0.6179987284969893,1,34
Taipei,Rotterdam,Maersk,12,26,0.052774582599281805,1,14
Penang,LA,FedEx,12,5,0.7408626299617734,0,0
Shenzhen,LA,FedEx,37,17,0.11009530526188638,0,0
Penang,Rotterdam,FedEx,23,28,0.6697481176878239,1,5
Penang,LA,DHL,29,25,0.7793658357478758,0,0
Taipei,Rotterdam,Maersk,39,8,0.7258647108264727,0,0
Shenzhen,Chicago,Maersk,35,11,0.9518838057611306,0,0
Penang,Rotterdam,FedEx,31,16,0.7381462844673897,0,0
Taipei,LA,Maersk,14,17,0.6932097779818085,1,3
Shenzhen,Rotterdam,DHL,26,20,0.2617431721831024,0,0
Shenzhen,Chicago,Maersk,24,10,0.9247686864359017,0,0
Penang,LA,Maersk,15,18,0.1795438707941669,1,3
Shenzhen,Chicago,DHL,23,35,0.9048966114731264,1,12
Penang,Chicago,FedEx,23,40,0.31266254334591037,1,17
Shenzhen,Rotterdam,FedEx,34,41,0.13016359387766874,1,7
Taipei,Chicago,Maersk,36,39,0.8266830272711707,1,3
Penang,LA,DHL,26,14,0.002495453600829145,0,0
Penang,Chicago,FedEx,17,21,0.8320883176808307,1,4
Shenzhen,Chicago,FedEx,17,34,0.2623118420459759,1,17
Shenzhen,Rotterdam,FedEx,28,11,0.8847212727556213,0,0
Penang,Chicago,Maersk,38,22,0.6914791822415791,0,0
Shenzhen,Rotterdam,DHL,18,23,0.6661833328505901,1,5
Taipei,Rotterdam,Maersk,20,19,0.3653195631648434,0,0
Shenzhen,LA,FedEx,22,43,0.05940297389077098,1,21
Taipei,LA,DHL,22,26,0.8300730982055773,1,4
Taipei,LA,Maersk,36,43,0.17090379517652798,1,7
Taipei,LA,FedEx,33,34,0.3722586418947522,1,1
Taipei,Rotterdam,FedEx,28,24,0.6003546855090818,0,0
Taipei,Chicago,Maersk,35,36,0.4822537385606217,1,1
Shenzhen,LA,FedEx,30,29,0.19866063517131805,0,0
Taipei,LA,FedEx,28,27,0.1406163568822839,0,0
Shenzhen,LA,DHL,14,9,0.12324627225029061,0,0
Taipei,Chicago,FedEx,25,34,0.8630078814992009,1,9
Penang,LA,Maersk,18,43,0.031559549061333625,1,25
Taipei,Chicago,DHL,37,31,0.9770142595998943,0,0
Penang,Rotterdam,Maersk,29,41,0.1985286903854141,1,12
Taipei,Rotterdam,FedEx,31,11,0.11032229687907813,0,0
Taipei,Rotterdam,DHL,12,9,0.5769716547767951,0,0
Taipei,Chicago,DHL,28,19,0.07998595794069663,0,0
Penang,LA,DHL,14,12,0.6024532631635949,0,0
Penang,LA,DHL,17,13,0.8506266448136132,0,0
Taipei,LA,Maersk,23,15,0.047898021467424834,0,0
Shenzhen,LA,FedEx,33,26,0.7998686045285441,0,0
Taipei,LA,FedEx,12,38,0.3944774409821187,1,26
Penang,Chicago,DHL,33,39,0.15949063383120998,1,6
Taipei,Rotterdam,FedEx,22,17,0.17609648026745905,0,0
Penang,LA,Maersk,20,15,0.9187645436942262,0,0
Penang,Rotterdam,FedEx,38,36,0.11060575194066447,0,0
Penang,Chicago,Maersk,17,19,0.866782787115657,1,2
Taipei,Chicago,Maersk,28,42,0.5442446209836146,1,14
Penang,LA,FedEx,19,5,0.03905617881643908,0,0
Penang,Chicago,Maersk,38,28,0.4644761457173383,0,0
Taipei,Rotterdam,Maersk,35,44,0.8174495144763007,1,9
Penang,LA,Maersk,27,26,0.7262027876391004,0,0
Taipei,LA,Maersk,35,7,0.48878241768471786,0,0
Penang,Rotterdam,DHL,27,18,0.860049879696217,0,0
Shenzhen,LA,FedEx,34,6,0.1203647617802297,0,0
Shenzhen,LA,DHL,16,36,0.9099410533923689,1,20
Penang,Rotterdam,Maersk,25,42,0.8464412084833488,1,17
Shenzhen,LA,FedEx,15,37,0.708276825657236,1,22
Taipei,LA,Maersk,25,10,0.8178877421287493,0,0
Shenzhen,Rotterdam,FedEx,25,43,0.543815506842666,1,18
Penang,Chicago,DHL,32,29,0.6751624290976669,0,0
Penang,Rotterdam,FedEx,33,38,0.5605980707077789,1,5
Taipei,LA,Maersk,37,15,0.3554285305079493,0,0
Penang,Rotterdam,FedEx,10,41,0.5688607973611776,1,31
Taipei,LA,FedEx,33,11,0.2574653325319257,0,0
Shenzhen,LA,DHL,28,26,0.44027917084078527,0,0
Shenzhen,Rotterdam,Maersk,12,43,0.2807754072602432,1,31
Taipei,LA,FedEx,15,14,0.12288778946138901,0,0
Taipei,Chicago,DHL,13,25,0.32186185638990616,1,12
Penang,LA,FedEx,13,10,0.8519872181847706,0,0
Shenzhen,Rotterdam,Maersk,13,5,0.3810807706423057,0,0
Taipei,Chicago,FedEx,19,38,0.7480036489688691,1,19
Shenzhen,Chicago,FedEx,18,18,0.17519785423816125,0,0
Taipei,LA,FedEx,17,40,0.4244191591676416,1,23
Shenzhen,Rotterdam,FedEx,28,31,0.11485606933517656,1,3
Penang,LA,Maersk,26,13,0.1386210633674897,0,0
Shenzhen,LA,DHL,26,10,0.6174363798900692,0,0
Shenzhen,Rotterdam,DHL,10,35,0.6074818174490111,1,25
Shenzhen,Rotterdam,FedEx,29,21,0.21337190735486222,0,0
Shenzhen,LA,Maersk,23,40,0.47442319428879864,1,17
Shenzhen,Chicago,Maersk,31,25,0.8633061669779479,0,0
Penang,LA,Maersk,29,31,0.17420150867648287,1,2
Taipei,Chicago,Maersk,36,32,0.019210533073514835,0,0
Shenzhen,LA,Maersk,20,20,0.6519951406635723,0,0
Penang,Rotterdam,Maersk,12,39,0.053498208088684995,1,27
Shenzhen,Chicago,FedEx,33,40,0.9799402385724459,1,7
Shenzhen,Rotterdam,DHL,39,39,0.609620283798881,0,0
Taipei,Rotterdam,DHL,17,23,0.4703963528439723,1,6
Shenzhen,Rotterdam,FedEx,31,25,0.42999254002430676,0,0
Penang,Rotterdam,DHL,34,37,0.5730706585169314,1,3
Penang,Rotterdam,Maersk,37,27,0.09062443672021492,0,0
Taipei,LA,Maersk,19,10,0.9300190588194958,0,0
Shenzhen,Chicago,DHL,26,36,0.6256420685518778,1,10
Penang,LA,Maersk,38,26,0.1839784976109088,0,0
Shenzhen,LA,Maersk,17,7,0.5625810537646628,0,0
Shenzhen,LA,DHL,31,39,0.13325650583301163,1,8
Shenzhen,Rotterdam,FedEx,10,20,0.017552717558312114,1,10
Taipei,LA,DHL,29,29,0.630516985213998,0,0
Shenzhen,Chicago,DHL,30,21,0.6484833418701278,0,0
Penang,LA,DHL,16,43,0.5836965828034155,1,27
Shenzhen,Rotterdam,DHL,33,17,0.18348320436002308,0,0
Penang,Chicago,FedEx,18,32,0.603429858494767,1,14
Shenzhen,Chicago,FedEx,37,15,0.056510940924519804,0,0
Penang,Chicago,Maersk,21,14,0.6092383555719223,0,0
Penang,Chicago,Maersk,31,43,0.5540170191076188,1,12
Shenzhen,LA,DHL,35,28,0.6552548308390995,0,0
Shenzhen,Rotterdam,Maersk,18,42,0.8954756057523938,1,24
Penang,Chicago,FedEx,29,28,0.8503581052395366,0,0
Taipei,Chicago,Maersk,33,37,0.9806541915625387,1,4
Shenzhen,Rotterdam,Maersk,12,21,0.976241032936575,1,9
Taipei,LA,Maersk,13,40,0.7723196933737526,1,27
Shenzhen,Chicago,DHL,19,39,0.956419622177728,1,20
Shenzhen,LA,Maersk,13,10,0.867283885889112,0,0
Shenzhen,LA,FedEx,31,20,0.7275824498949729,0,0
Shenzhen,LA,FedEx,18,32,0.0753842546437552,1,14
Taipei,LA,FedEx,31,36,0.049049888269887765,1,5
Shenzhen,Chicago,FedEx,10,30,0.8375995675057702,1,20
Penang,Chicago,Maersk,14,15,0.4896558578716983,1,1
Penang,LA,DHL,18,29,0.8146066843749209,1,11
Taipei,LA,FedEx,14,35,0.3129182706552194,1,21
Shenzhen,Rotterdam,FedEx,15,25,0.3976498583230128,1,10
Penang,Rotterdam,DHL,28,7,0.7001867210119319,0,0
Taipei,Rotterdam,DHL,17,16,0.9153267369320932,0,0
Shenzhen,Chicago,FedEx,19,44,0.08776147447888594,1,25
Penang,Rotterdam,FedEx,20,29,0.8614781446346063,1,9
Penang,Chicago,DHL,22,21,0.7930127248793652,0,0
Taipei,Chicago,FedEx,29,42,0.31553927072985466,1,13
Shenzhen,Chicago,FedEx,13,40,0.3552166141315596,1,27
Shenzhen,Chicago,Maersk,20,40,0.04646147722190963,1,20
Penang,Rotterdam,DHL,21,23,0.015740611116717984,1,2
Penang,LA,Maersk,14,6,0.4770061263577291,0,0
Penang,LA,Maersk,39,21,0.09553964549731053,0,0
Shenzhen,LA,DHL,19,34,0.19400181441521303,1,15
Taipei,Rotterdam,Maersk,34,14,0.8467671995266636,0,0
Taipei,LA,FedEx,38,39,0.5710283912504525,1,1
Shenzhen,Rotterdam,Maersk,33,40,0.6336324372661134,1,7
Taipei,Rotterdam,DHL,16,37,0.18747933083192003,1,21
Penang,Rotterdam,FedEx,30,5,0.8286618044544195,0,0
Taipei,LA,FedEx,18,22,0.8679797724397476,1,4
Taipei,LA,FedEx,18,8,0.5233275937130434,0,0
Taipei,LA,FedEx,19,31,0.9125577718786598,1,12
Penang,Chicago,Maersk,19,29,0.8448286249545817,1,10
Shenzhen,Rotterdam,Maersk,11,32,0.731324176674438,1,21
Penang,Chicago,FedEx,13,26,0.7340759156936286,1,13
Shenzhen,Rotterdam,DHL,17,29,0.10539347395086329,1,12
Shenzhen,LA,FedEx,38,21,0.2708360376956658,0,0
Shenzhen,Rotterdam,Maersk,23,16,0.06684721981767605,0,0
Taipei,Rotterdam,FedEx,26,20,0.008681209226308662,0,0
Taipei,Chicago,Maersk,22,41,0.15830953138391013,1,19
Shenzhen,Rotterdam,FedEx,30,20,0.88048718264694,0,0
Shenzhen,LA,DHL,33,21,0.23987405903605152,0,0
Taipei,Rotterdam,FedEx,27,35,0.9701539625917217,1,8
Penang,Rotterdam,DHL,27,19,0.5972909995612061,0,0
Shenzhen,Rotterdam,DHL,22,17,0.23725848763469037,0,0
Penang,Chicago,FedEx,17,44,0.4971308034842128,1,27
Taipei,Rotterdam,DHL,35,31,0.21909482270011538,0,0
Shenzhen,Rotterdam,DHL,21,25,0.9839735581823739,1,4
Penang,Chicago,Maersk,34,6,0.8472649839049639,0,0
Penang,Chicago,Maersk,32,12,0.026238788782329103,0,0
Penang,Chicago,DHL,33,11,0.9477760314674711,0,0
Taipei,Chicago,FedEx,30,14,0.7210651073028873,0,0
Taipei,LA,DHL,10,8,0.08238125202127833,0,0
Penang,LA,FedEx,29,40,0.6706377463264456,1,11
Penang,Rotterdam,Maersk,27,39,0.6469266979656855,1,12
Taipei,LA,FedEx,12,7,0.21878874580758345,0,0
Penang,Rotterdam,DHL,21,22,0.7584467000075756,1,1
Penang,LA,DHL,28,28,0.08706470331296712,0,0
Taipei,Chicago,DHL,34,36,0.4894451812312478,1,2
Penang,Chicago,DHL,22,38,0.009923207163087922,1,16
Penang,LA,DHL,19,6,0.9687374888947464,0,0
Penang,LA,FedEx,24,6,0.7515636317769093,0,0
Taipei,Rotterdam,DHL,29,14,0.15885207615965602,0,0
Penang,Rotterdam,Maersk,11,27,0.341674039951283,1,16
Taipei,Rotterdam,DHL,28,19,0.16056237780817628,0,0
Taipei,Chicago,FedEx,12,16,0.7666174641293146,1,4
Shenzhen,Chicago,DHL,23,21,0.05889632542771517,0,0
Shenzhen,Chicago,DHL,16,22,0.8404066555637142,1,6
Penang,Chicago,FedEx,17,18,0.9421963388357298,1,1
Taipei,Rotterdam,DHL,38,21,0.6766279428062999,0,0
Shenzhen,Chicago,FedEx,20,19,0.2129654500014342,0,0
Penang,Chicago,DHL,38,16,0.3600900958135508,0,0
Shenzhen,Chicago,Maersk,31,20,0.47723987480893126,0,0
Shenzhen,Chicago,DHL,29,36,0.6046247722022537,1,7
Taipei,LA,FedEx,15,27,0.6686630898116874,1,12
Taipei,Rotterdam,Maersk,38,42,0.5542147153188828,1,4
Shenzhen,Rotterdam,FedEx,20,38,0.35131392082185575,1,18
Shenzhen,Chicago,DHL,26,38,0.890917280564903,1,12
Taipei,LA,Maersk,38,20,0.08139205801795824,0,0
Penang,Rotterdam,FedEx,19,38,0.46625605424349503,1,19
Taipei,Rotterdam,Maersk,33,44,0.7755648384674807,1,11
Shenzhen,Chicago,Maersk,26,11,0.060872665291400896,0,0
